수송일자,호선,역명,07-10시간대
2022-06-01,4,당고개,1437
2022-06-01,4,상계,2768
2022-06-01,4,노원,1942
2022-06-01,4,창동,3179
2022-06-01,4,쌍문,4659
2022-06-01,4,수유(강북구청),4694
2022-06-01,4,미아(서울사이버대학),2060
2022-06-01,4,미아사거리,3672
2022-06-01,4,길음,2550
2022-06-01,4,성신여대입구(돈암),1889
2022-06-01,4,한성대입구(삼선교),1347
2022-06-01,4,혜화,971
2022-06-01,4,동대문,817
2022-06-01,4,동대문역사문화공원(DDP),591
2022-06-01,4,충무로,790
2022-06-01,4,명동,471
2022-06-01,4,회현(남대문시장),609
2022-06-01,4,서울역,555
2022-06-01,4,숙대입구(갈월),951
2022-06-01,4,삼각지,303
2022-06-01,4,신용산,575
2022-06-01,4,이촌(국립중앙박물관),575
2022-06-01,4,동작(현충원),196
2022-06-01,4,총신대입구(이수),1927
2022-06-01,4,사당,2489
2022-06-01,4,남태령,181
2022-06-02,4,당고개,4148
2022-06-02,4,상계,8780
2022-06-02,4,노원,6049
2022-06-02,4,창동,9356
2022-06-02,4,쌍문,13893
2022-06-02,4,수유(강북구청),13074
2022-06-02,4,미아(서울사이버대학),5506
2022-06-02,4,미아사거리,11212
2022-06-02,4,길음,9787
2022-06-02,4,성신여대입구(돈암),5643
2022-06-02,4,한성대입구(삼선교),3924
2022-06-02,4,혜화,2458
2022-06-02,4,동대문,1053
2022-06-02,4,동대문역사문화공원(DDP),965
2022-06-02,4,충무로,1318
2022-06-02,4,명동,771
2022-06-02,4,회현(남대문시장),916
2022-06-02,4,서울역,1622
2022-06-02,4,숙대입구(갈월),2505
2022-06-02,4,삼각지,1065
2022-06-02,4,신용산,1771
2022-06-02,4,이촌(국립중앙박물관),1741
2022-06-02,4,동작(현충원),373
2022-06-02,4,총신대입구(이수),6231
2022-06-02,4,사당,9843
2022-06-02,4,남태령,336
2022-06-03,4,당고개,4139
2022-06-03,4,상계,8812
2022-06-03,4,노원,5972
2022-06-03,4,창동,9119
2022-06-03,4,쌍문,13618
2022-06-03,4,수유(강북구청),12964
2022-06-03,4,미아(서울사이버대학),5399
2022-06-03,4,미아사거리,10778
2022-06-03,4,길음,9511
2022-06-03,4,성신여대입구(돈암),5520
2022-06-03,4,한성대입구(삼선교),3798
2022-06-03,4,혜화,2443
2022-06-03,4,동대문,1084
2022-06-03,4,동대문역사문화공원(DDP),941
2022-06-03,4,충무로,1464
2022-06-03,4,명동,798
2022-06-03,4,회현(남대문시장),895
2022-06-03,4,서울역,1639
2022-06-03,4,숙대입구(갈월),2442
2022-06-03,4,삼각지,983
2022-06-03,4,신용산,1719
2022-06-03,4,이촌(국립중앙박물관),1725
2022-06-03,4,동작(현충원),361
2022-06-03,4,총신대입구(이수),6483
2022-06-03,4,사당,9227
2022-06-03,4,남태령,348
2022-06-04,4,당고개,1767
2022-06-04,4,상계,3176
2022-06-04,4,노원,2450
2022-06-04,4,창동,3795
2022-06-04,4,쌍문,5518
2022-06-04,4,수유(강북구청),5770
2022-06-04,4,미아(서울사이버대학),2607
2022-06-04,4,미아사거리,4414
2022-06-04,4,길음,3168
2022-06-04,4,성신여대입구(돈암),2360
2022-06-04,4,한성대입구(삼선교),1687
2022-06-04,4,혜화,1359
2022-06-04,4,동대문,632
2022-06-04,4,동대문역사문화공원(DDP),591
2022-06-04,4,충무로,978
2022-06-04,4,명동,676
2022-06-04,4,회현(남대문시장),669
2022-06-04,4,서울역,907
2022-06-04,4,숙대입구(갈월),1199
2022-06-04,4,삼각지,386
2022-06-04,4,신용산,758
2022-06-04,4,이촌(국립중앙박물관),656
2022-06-04,4,동작(현충원),213
2022-06-04,4,총신대입구(이수),2315
2022-06-04,4,사당,3318
2022-06-04,4,남태령,292
2022-06-05,4,당고개,1165
2022-06-05,4,상계,2062
2022-06-05,4,노원,1792
2022-06-05,4,창동,2465
2022-06-05,4,쌍문,3604
2022-06-05,4,수유(강북구청),3928
2022-06-05,4,미아(서울사이버대학),1771
2022-06-05,4,미아사거리,2979
2022-06-05,4,길음,2034
2022-06-05,4,성신여대입구(돈암),1530
2022-06-05,4,한성대입구(삼선교),1087
2022-06-05,4,혜화,999
2022-06-05,4,동대문,302
2022-06-05,4,동대문역사문화공원(DDP),489
2022-06-05,4,충무로,703
2022-06-05,4,명동,719
2022-06-05,4,회현(남대문시장),459
2022-06-05,4,서울역,677
2022-06-05,4,숙대입구(갈월),854
2022-06-05,4,삼각지,262
2022-06-05,4,신용산,545
2022-06-05,4,이촌(국립중앙박물관),423
2022-06-05,4,동작(현충원),157
2022-06-05,4,총신대입구(이수),1676
2022-06-05,4,사당,2127
2022-06-05,4,남태령,213
2022-06-06,4,당고개,1114
2022-06-06,4,상계,2151
2022-06-06,4,노원,1481
2022-06-06,4,창동,2226
2022-06-06,4,쌍문,3590
2022-06-06,4,수유(강북구청),3744
2022-06-06,4,미아(서울사이버대학),1588
2022-06-06,4,미아사거리,2707
2022-06-06,4,길음,1962
2022-06-06,4,성신여대입구(돈암),1476
2022-06-06,4,한성대입구(삼선교),1017
2022-06-06,4,혜화,856
2022-06-06,4,동대문,741
2022-06-06,4,동대문역사문화공원(DDP),475
2022-06-06,4,충무로,560
2022-06-06,4,명동,618
2022-06-06,4,회현(남대문시장),498
2022-06-06,4,서울역,496
2022-06-06,4,숙대입구(갈월),773
2022-06-06,4,삼각지,220
2022-06-06,4,신용산,504
2022-06-06,4,이촌(국립중앙박물관),372
2022-06-06,4,동작(현충원),457
2022-06-06,4,총신대입구(이수),1438
2022-06-06,4,사당,1866
2022-06-06,4,남태령,112
2022-06-07,4,당고개,4190
2022-06-07,4,상계,8994
2022-06-07,4,노원,6164
2022-06-07,4,창동,9592
2022-06-07,4,쌍문,14253
2022-06-07,4,수유(강북구청),13445
2022-06-07,4,미아(서울사이버대학),5694
2022-06-07,4,미아사거리,11363
2022-06-07,4,길음,10146
2022-06-07,4,성신여대입구(돈암),5916
2022-06-07,4,한성대입구(삼선교),3980
2022-06-07,4,혜화,2625
2022-06-07,4,동대문,1073
2022-06-07,4,동대문역사문화공원(DDP),968
2022-06-07,4,충무로,1388
2022-06-07,4,명동,858
2022-06-07,4,회현(남대문시장),901
2022-06-07,4,서울역,1656
2022-06-07,4,숙대입구(갈월),2635
2022-06-07,4,삼각지,1125
2022-06-07,4,신용산,1815
2022-06-07,4,이촌(국립중앙박물관),1895
2022-06-07,4,동작(현충원),357
2022-06-07,4,총신대입구(이수),6348
2022-06-07,4,사당,10085
2022-06-07,4,남태령,356
2022-06-08,4,당고개,4219
2022-06-08,4,상계,9022
2022-06-08,4,노원,6290
2022-06-08,4,창동,9600
2022-06-08,4,쌍문,14381
2022-06-08,4,수유(강북구청),13452
2022-06-08,4,미아(서울사이버대학),5705
2022-06-08,4,미아사거리,11136
2022-06-08,4,길음,10099
2022-06-08,4,성신여대입구(돈암),5810
2022-06-08,4,한성대입구(삼선교),3969
2022-06-08,4,혜화,2551
2022-06-08,4,동대문,1052
2022-06-08,4,동대문역사문화공원(DDP),946
2022-06-08,4,충무로,1477
2022-06-08,4,명동,885
2022-06-08,4,회현(남대문시장),876
2022-06-08,4,서울역,1640
2022-06-08,4,숙대입구(갈월),2606
2022-06-08,4,삼각지,1094
2022-06-08,4,신용산,1823
2022-06-08,4,이촌(국립중앙박물관),1858
2022-06-08,4,동작(현충원),408
2022-06-08,4,총신대입구(이수),6491
2022-06-08,4,사당,10034
2022-06-08,4,남태령,337
2022-06-09,4,당고개,4195
2022-06-09,4,상계,8954
2022-06-09,4,노원,6119
2022-06-09,4,창동,9593
2022-06-09,4,쌍문,14234
2022-06-09,4,수유(강북구청),13383
2022-06-09,4,미아(서울사이버대학),5528
2022-06-09,4,미아사거리,11091
2022-06-09,4,길음,10055
2022-06-09,4,성신여대입구(돈암),5781
2022-06-09,4,한성대입구(삼선교),4014
2022-06-09,4,혜화,2580
2022-06-09,4,동대문,1037
2022-06-09,4,동대문역사문화공원(DDP),954
2022-06-09,4,충무로,1493
2022-06-09,4,명동,851
2022-06-09,4,회현(남대문시장),905
2022-06-09,4,서울역,1623
2022-06-09,4,숙대입구(갈월),2683
2022-06-09,4,삼각지,1125
2022-06-09,4,신용산,1791
2022-06-09,4,이촌(국립중앙박물관),1760
2022-06-09,4,동작(현충원),332
2022-06-09,4,총신대입구(이수),6380
2022-06-09,4,사당,10191
2022-06-09,4,남태령,330
2022-06-10,4,당고개,4063
2022-06-10,4,상계,8684
2022-06-10,4,노원,6036
2022-06-10,4,창동,9232
2022-06-10,4,쌍문,13962
2022-06-10,4,수유(강북구청),13078
2022-06-10,4,미아(서울사이버대학),5514
2022-06-10,4,미아사거리,10793
2022-06-10,4,길음,9673
2022-06-10,4,성신여대입구(돈암),5613
2022-06-10,4,한성대입구(삼선교),3845
2022-06-10,4,혜화,2489
2022-06-10,4,동대문,1127
2022-06-10,4,동대문역사문화공원(DDP),976
2022-06-10,4,충무로,1535
2022-06-10,4,명동,857
2022-06-10,4,회현(남대문시장),880
2022-06-10,4,서울역,1624
2022-06-10,4,숙대입구(갈월),2613
2022-06-10,4,삼각지,1060
2022-06-10,4,신용산,1695
2022-06-10,4,이촌(국립중앙박물관),1697
2022-06-10,4,동작(현충원),429
2022-06-10,4,총신대입구(이수),6221
2022-06-10,4,사당,9665
2022-06-10,4,남태령,328
2022-06-11,4,당고개,1782
2022-06-11,4,상계,3348
2022-06-11,4,노원,2561
2022-06-11,4,창동,3810
2022-06-11,4,쌍문,5764
2022-06-11,4,수유(강북구청),5932
2022-06-11,4,미아(서울사이버대학),2532
2022-06-11,4,미아사거리,4448
2022-06-11,4,길음,3328
2022-06-11,4,성신여대입구(돈암),2325
2022-06-11,4,한성대입구(삼선교),1678
2022-06-11,4,혜화,1357
2022-06-11,4,동대문,558
2022-06-11,4,동대문역사문화공원(DDP),586
2022-06-11,4,충무로,948
2022-06-11,4,명동,632
2022-06-11,4,회현(남대문시장),631
2022-06-11,4,서울역,892
2022-06-11,4,숙대입구(갈월),1245
2022-06-11,4,삼각지,378
2022-06-11,4,신용산,875
2022-06-11,4,이촌(국립중앙박물관),644
2022-06-11,4,동작(현충원),216
2022-06-11,4,총신대입구(이수),2437
2022-06-11,4,사당,3490
2022-06-11,4,남태령,320
2022-06-12,4,당고개,1191
2022-06-12,4,상계,2112
2022-06-12,4,노원,1825
2022-06-12,4,창동,2508
2022-06-12,4,쌍문,3715
2022-06-12,4,수유(강북구청),4159
2022-06-12,4,미아(서울사이버대학),1710
2022-06-12,4,미아사거리,3083
2022-06-12,4,길음,2175
2022-06-12,4,성신여대입구(돈암),1532
2022-06-12,4,한성대입구(삼선교),1093
2022-06-12,4,혜화,1004
2022-06-12,4,동대문,309
2022-06-12,4,동대문역사문화공원(DDP),466
2022-06-12,4,충무로,678
2022-06-12,4,명동,577
2022-06-12,4,회현(남대문시장),437
2022-06-12,4,서울역,613
2022-06-12,4,숙대입구(갈월),900
2022-06-12,4,삼각지,265
2022-06-12,4,신용산,535
2022-06-12,4,이촌(국립중앙박물관),448
2022-06-12,4,동작(현충원),153
2022-06-12,4,총신대입구(이수),1683
2022-06-12,4,사당,2281
2022-06-12,4,남태령,199
2022-06-13,4,당고개,4160
2022-06-13,4,상계,8774
2022-06-13,4,노원,5885
2022-06-13,4,창동,9639
2022-06-13,4,쌍문,13850
2022-06-13,4,수유(강북구청),13088
2022-06-13,4,미아(서울사이버대학),5580
2022-06-13,4,미아사거리,10791
2022-06-13,4,길음,9559
2022-06-13,4,성신여대입구(돈암),5553
2022-06-13,4,한성대입구(삼선교),3912
2022-06-13,4,혜화,2729
2022-06-13,4,동대문,1039
2022-06-13,4,동대문역사문화공원(DDP),1031
2022-06-13,4,충무로,1525
2022-06-13,4,명동,819
2022-06-13,4,회현(남대문시장),855
2022-06-13,4,서울역,1710
2022-06-13,4,숙대입구(갈월),2753
2022-06-13,4,삼각지,1237
2022-06-13,4,신용산,2327
2022-06-13,4,이촌(국립중앙박물관),1867
2022-06-13,4,동작(현충원),438
2022-06-13,4,총신대입구(이수),6304
2022-06-13,4,사당,10221
2022-06-13,4,남태령,393
2022-06-14,4,당고개,4199
2022-06-14,4,상계,8915
2022-06-14,4,노원,6074
2022-06-14,4,창동,9531
2022-06-14,4,쌍문,13973
2022-06-14,4,수유(강북구청),13366
2022-06-14,4,미아(서울사이버대학),5441
2022-06-14,4,미아사거리,11092
2022-06-14,4,길음,9786
2022-06-14,4,성신여대입구(돈암),5602
2022-06-14,4,한성대입구(삼선교),3928
2022-06-14,4,혜화,2636
2022-06-14,4,동대문,1071
2022-06-14,4,동대문역사문화공원(DDP),938
2022-06-14,4,충무로,1495
2022-06-14,4,명동,820
2022-06-14,4,회현(남대문시장),852
2022-06-14,4,서울역,1658
2022-06-14,4,숙대입구(갈월),2604
2022-06-14,4,삼각지,1106
2022-06-14,4,신용산,1787
2022-06-14,4,이촌(국립중앙박물관),1876
2022-06-14,4,동작(현충원),389
2022-06-14,4,총신대입구(이수),6366
2022-06-14,4,사당,10121
2022-06-14,4,남태령,335
2022-06-15,4,당고개,4162
2022-06-15,4,상계,8796
2022-06-15,4,노원,5960
2022-06-15,4,창동,9557
2022-06-15,4,쌍문,13817
2022-06-15,4,수유(강북구청),13176
2022-06-15,4,미아(서울사이버대학),5486
2022-06-15,4,미아사거리,11154
2022-06-15,4,길음,10055
2022-06-15,4,성신여대입구(돈암),5572
2022-06-15,4,한성대입구(삼선교),3940
2022-06-15,4,혜화,2578
2022-06-15,4,동대문,996
2022-06-15,4,동대문역사문화공원(DDP),932
2022-06-15,4,충무로,1525
2022-06-15,4,명동,834
2022-06-15,4,회현(남대문시장),874
2022-06-15,4,서울역,1724
2022-06-15,4,숙대입구(갈월),2647
2022-06-15,4,삼각지,1068
2022-06-15,4,신용산,1775
2022-06-15,4,이촌(국립중앙박물관),1809
2022-06-15,4,동작(현충원),340
2022-06-15,4,총신대입구(이수),6273
2022-06-15,4,사당,10057
2022-06-15,4,남태령,351
2022-06-16,4,당고개,4108
2022-06-16,4,상계,8713
2022-06-16,4,노원,6004
2022-06-16,4,창동,9507
2022-06-16,4,쌍문,13949
2022-06-16,4,수유(강북구청),13210
2022-06-16,4,미아(서울사이버대학),5505
2022-06-16,4,미아사거리,10801
2022-06-16,4,길음,9928
2022-06-16,4,성신여대입구(돈암),5643
2022-06-16,4,한성대입구(삼선교),3877
2022-06-16,4,혜화,2548
2022-06-16,4,동대문,999
2022-06-16,4,동대문역사문화공원(DDP),965
2022-06-16,4,충무로,1540
2022-06-16,4,명동,826
2022-06-16,4,회현(남대문시장),891
2022-06-16,4,서울역,1637
2022-06-16,4,숙대입구(갈월),2665
2022-06-16,4,삼각지,1098
2022-06-16,4,신용산,1766
2022-06-16,4,이촌(국립중앙박물관),1841
2022-06-16,4,동작(현충원),320
2022-06-16,4,총신대입구(이수),6293
2022-06-16,4,사당,9935
2022-06-16,4,남태령,342
2022-06-17,4,당고개,3956
2022-06-17,4,상계,8538
2022-06-17,4,노원,5748
2022-06-17,4,창동,9174
2022-06-17,4,쌍문,13503
2022-06-17,4,수유(강북구청),12759
2022-06-17,4,미아(서울사이버대학),5340
2022-06-17,4,미아사거리,10337
2022-06-17,4,길음,9379
2022-06-17,4,성신여대입구(돈암),5466
2022-06-17,4,한성대입구(삼선교),3842
2022-06-17,4,혜화,2441
2022-06-17,4,동대문,1071
2022-06-17,4,동대문역사문화공원(DDP),973
2022-06-17,4,충무로,1481
2022-06-17,4,명동,826
2022-06-17,4,회현(남대문시장),883
2022-06-17,4,서울역,1611
2022-06-17,4,숙대입구(갈월),2488
2022-06-17,4,삼각지,1022
2022-06-17,4,신용산,1705
2022-06-17,4,이촌(국립중앙박물관),1730
2022-06-17,4,동작(현충원),361
2022-06-17,4,총신대입구(이수),5974
2022-06-17,4,사당,9301
2022-06-17,4,남태령,324
2022-06-18,4,당고개,1807
2022-06-18,4,상계,3327
2022-06-18,4,노원,2506
2022-06-18,4,창동,3874
2022-06-18,4,쌍문,5699
2022-06-18,4,수유(강북구청),6086
2022-06-18,4,미아(서울사이버대학),2505
2022-06-18,4,미아사거리,4453
2022-06-18,4,길음,3364
2022-06-18,4,성신여대입구(돈암),2316
2022-06-18,4,한성대입구(삼선교),1728
2022-06-18,4,혜화,1411
2022-06-18,4,동대문,577
2022-06-18,4,동대문역사문화공원(DDP),604
2022-06-18,4,충무로,1001
2022-06-18,4,명동,728
2022-06-18,4,회현(남대문시장),639
2022-06-18,4,서울역,910
2022-06-18,4,숙대입구(갈월),1226
2022-06-18,4,삼각지,379
2022-06-18,4,신용산,823
2022-06-18,4,이촌(국립중앙박물관),695
2022-06-18,4,동작(현충원),228
2022-06-18,4,총신대입구(이수),2321
2022-06-18,4,사당,3281
2022-06-18,4,남태령,280
2022-06-19,4,당고개,1127
2022-06-19,4,상계,1973
2022-06-19,4,노원,1720
2022-06-19,4,창동,2446
2022-06-19,4,쌍문,3573
2022-06-19,4,수유(강북구청),3930
2022-06-19,4,미아(서울사이버대학),1675
2022-06-19,4,미아사거리,2936
2022-06-19,4,길음,1992
2022-06-19,4,성신여대입구(돈암),1564
2022-06-19,4,한성대입구(삼선교),1088
2022-06-19,4,혜화,915
2022-06-19,4,동대문,283
2022-06-19,4,동대문역사문화공원(DDP),494
2022-06-19,4,충무로,663
2022-06-19,4,명동,615
2022-06-19,4,회현(남대문시장),422
2022-06-19,4,서울역,613
2022-06-19,4,숙대입구(갈월),890
2022-06-19,4,삼각지,281
2022-06-19,4,신용산,511
2022-06-19,4,이촌(국립중앙박물관),424
2022-06-19,4,동작(현충원),112
2022-06-19,4,총신대입구(이수),1656
2022-06-19,4,사당,2238
2022-06-19,4,남태령,182
2022-06-20,4,당고개,3948
2022-06-20,4,상계,8364
2022-06-20,4,노원,5590
2022-06-20,4,창동,9285
2022-06-20,4,쌍문,12878
2022-06-20,4,수유(강북구청),12070
2022-06-20,4,미아(서울사이버대학),5042
2022-06-20,4,미아사거리,10005
2022-06-20,4,길음,8788
2022-06-20,4,성신여대입구(돈암),5015
2022-06-20,4,한성대입구(삼선교),3629
2022-06-20,4,혜화,2555
2022-06-20,4,동대문,1004
2022-06-20,4,동대문역사문화공원(DDP),1013
2022-06-20,4,충무로,1524
2022-06-20,4,명동,884
2022-06-20,4,회현(남대문시장),815
2022-06-20,4,서울역,1517
2022-06-20,4,숙대입구(갈월),2469
2022-06-20,4,삼각지,1066
2022-06-20,4,신용산,1757
2022-06-20,4,이촌(국립중앙박물관),1837
2022-06-20,4,동작(현충원),396
2022-06-20,4,총신대입구(이수),6036
2022-06-20,4,사당,9982
2022-06-20,4,남태령,351
2022-06-21,4,당고개,4066
2022-06-21,4,상계,8698
2022-06-21,4,노원,5847
2022-06-21,4,창동,9385
2022-06-21,4,쌍문,13633
2022-06-21,4,수유(강북구청),12824
2022-06-21,4,미아(서울사이버대학),5385
2022-06-21,4,미아사거리,10552
2022-06-21,4,길음,9506
2022-06-21,4,성신여대입구(돈암),5569
2022-06-21,4,한성대입구(삼선교),3906
2022-06-21,4,혜화,2487
2022-06-21,4,동대문,1055
2022-06-21,4,동대문역사문화공원(DDP),961
2022-06-21,4,충무로,1463
2022-06-21,4,명동,893
2022-06-21,4,회현(남대문시장),891
2022-06-21,4,서울역,1588
2022-06-21,4,숙대입구(갈월),2526
2022-06-21,4,삼각지,989
2022-06-21,4,신용산,1724
2022-06-21,4,이촌(국립중앙박물관),1684
2022-06-21,4,동작(현충원),320
2022-06-21,4,총신대입구(이수),6110
2022-06-21,4,사당,9969
2022-06-21,4,남태령,303
2022-06-22,4,당고개,3991
2022-06-22,4,상계,8586
2022-06-22,4,노원,5887
2022-06-22,4,창동,9238
2022-06-22,4,쌍문,13599
2022-06-22,4,수유(강북구청),12726
2022-06-22,4,미아(서울사이버대학),5439
2022-06-22,4,미아사거리,10612
2022-06-22,4,길음,9688
2022-06-22,4,성신여대입구(돈암),5579
2022-06-22,4,한성대입구(삼선교),3885
2022-06-22,4,혜화,2497
2022-06-22,4,동대문,1032
2022-06-22,4,동대문역사문화공원(DDP),972
2022-06-22,4,충무로,1478
2022-06-22,4,명동,858
2022-06-22,4,회현(남대문시장),874
2022-06-22,4,서울역,1562
2022-06-22,4,숙대입구(갈월),2569
2022-06-22,4,삼각지,1003
2022-06-22,4,신용산,1704
2022-06-22,4,이촌(국립중앙박물관),1702
2022-06-22,4,동작(현충원),335
2022-06-22,4,총신대입구(이수),6134
2022-06-22,4,사당,9853
2022-06-22,4,남태령,335
2022-06-23,4,당고개,3953
2022-06-23,4,상계,8341
2022-06-23,4,노원,5764
2022-06-23,4,창동,9054
2022-06-23,4,쌍문,13507
2022-06-23,4,수유(강북구청),12631
2022-06-23,4,미아(서울사이버대학),5286
2022-06-23,4,미아사거리,10356
2022-06-23,4,길음,9436
2022-06-23,4,성신여대입구(돈암),5457
2022-06-23,4,한성대입구(삼선교),3838
2022-06-23,4,혜화,2443
2022-06-23,4,동대문,968
2022-06-23,4,동대문역사문화공원(DDP),963
2022-06-23,4,충무로,1506
2022-06-23,4,명동,890
2022-06-23,4,회현(남대문시장),828
2022-06-23,4,서울역,1632
2022-06-23,4,숙대입구(갈월),2545
2022-06-23,4,삼각지,975
2022-06-23,4,신용산,1658
2022-06-23,4,이촌(국립중앙박물관),1728
2022-06-23,4,동작(현충원),310
2022-06-23,4,총신대입구(이수),6003
2022-06-23,4,사당,9681
2022-06-23,4,남태령,334
2022-06-24,4,당고개,3876
2022-06-24,4,상계,8231
2022-06-24,4,노원,5627
2022-06-24,4,창동,8946
2022-06-24,4,쌍문,13191
2022-06-24,4,수유(강북구청),12374
2022-06-24,4,미아(서울사이버대학),5234
2022-06-24,4,미아사거리,10251
2022-06-24,4,길음,9175
2022-06-24,4,성신여대입구(돈암),5382
2022-06-24,4,한성대입구(삼선교),3680
2022-06-24,4,혜화,2393
2022-06-24,4,동대문,961
2022-06-24,4,동대문역사문화공원(DDP),921
2022-06-24,4,충무로,1392
2022-06-24,4,명동,961
2022-06-24,4,회현(남대문시장),835
2022-06-24,4,서울역,1615
2022-06-24,4,숙대입구(갈월),2466
2022-06-24,4,삼각지,962
2022-06-24,4,신용산,1655
2022-06-24,4,이촌(국립중앙박물관),1619
2022-06-24,4,동작(현충원),367
2022-06-24,4,총신대입구(이수),5809
2022-06-24,4,사당,9176
2022-06-24,4,남태령,323
2022-06-25,4,당고개,1734
2022-06-25,4,상계,3390
2022-06-25,4,노원,2512
2022-06-25,4,창동,3831
2022-06-25,4,쌍문,5667
2022-06-25,4,수유(강북구청),5977
2022-06-25,4,미아(서울사이버대학),2564
2022-06-25,4,미아사거리,4478
2022-06-25,4,길음,3265
2022-06-25,4,성신여대입구(돈암),2471
2022-06-25,4,한성대입구(삼선교),1738
2022-06-25,4,혜화,1362
2022-06-25,4,동대문,588
2022-06-25,4,동대문역사문화공원(DDP),590
2022-06-25,4,충무로,955
2022-06-25,4,명동,772
2022-06-25,4,회현(남대문시장),682
2022-06-25,4,서울역,918
2022-06-25,4,숙대입구(갈월),1213
2022-06-25,4,삼각지,390
2022-06-25,4,신용산,914
2022-06-25,4,이촌(국립중앙박물관),668
2022-06-25,4,동작(현충원),212
2022-06-25,4,총신대입구(이수),2378
2022-06-25,4,사당,3412
2022-06-25,4,남태령,296
2022-06-26,4,당고개,1045
2022-06-26,4,상계,1911
2022-06-26,4,노원,1704
2022-06-26,4,창동,2270
2022-06-26,4,쌍문,3332
2022-06-26,4,수유(강북구청),3707
2022-06-26,4,미아(서울사이버대학),1550
2022-06-26,4,미아사거리,2772
2022-06-26,4,길음,1920
2022-06-26,4,성신여대입구(돈암),1397
2022-06-26,4,한성대입구(삼선교),1071
2022-06-26,4,혜화,925
2022-06-26,4,동대문,299
2022-06-26,4,동대문역사문화공원(DDP),480
2022-06-26,4,충무로,638
2022-06-26,4,명동,658
2022-06-26,4,회현(남대문시장),392
2022-06-26,4,서울역,582
2022-06-26,4,숙대입구(갈월),832
2022-06-26,4,삼각지,248
2022-06-26,4,신용산,502
2022-06-26,4,이촌(국립중앙박물관),385
2022-06-26,4,동작(현충원),122
2022-06-26,4,총신대입구(이수),1566
2022-06-26,4,사당,2157
2022-06-26,4,남태령,169
2022-06-27,4,당고개,3916
2022-06-27,4,상계,8126
2022-06-27,4,노원,5417
2022-06-27,4,창동,8914
2022-06-27,4,쌍문,12597
2022-06-27,4,수유(강북구청),11642
2022-06-27,4,미아(서울사이버대학),4895
2022-06-27,4,미아사거리,9782
2022-06-27,4,길음,8677
2022-06-27,4,성신여대입구(돈암),5062
2022-06-27,4,한성대입구(삼선교),3565
2022-06-27,4,혜화,2470
2022-06-27,4,동대문,989
2022-06-27,4,동대문역사문화공원(DDP),918
2022-06-27,4,충무로,1325
2022-06-27,4,명동,809
2022-06-27,4,회현(남대문시장),768
2022-06-27,4,서울역,1572
2022-06-27,4,숙대입구(갈월),2408
2022-06-27,4,삼각지,992
2022-06-27,4,신용산,1677
2022-06-27,4,이촌(국립중앙박물관),1628
2022-06-27,4,동작(현충원),333
2022-06-27,4,총신대입구(이수),5742
2022-06-27,4,사당,9529
2022-06-27,4,남태령,325
2022-06-28,4,당고개,3967
2022-06-28,4,상계,8495
2022-06-28,4,노원,5866
2022-06-28,4,창동,9130
2022-06-28,4,쌍문,13362
2022-06-28,4,수유(강북구청),12652
2022-06-28,4,미아(서울사이버대학),5352
2022-06-28,4,미아사거리,10532
2022-06-28,4,길음,9539
2022-06-28,4,성신여대입구(돈암),5598
2022-06-28,4,한성대입구(삼선교),3859
2022-06-28,4,혜화,2504
2022-06-28,4,동대문,953
2022-06-28,4,동대문역사문화공원(DDP),959
2022-06-28,4,충무로,1488
2022-06-28,4,명동,917
2022-06-28,4,회현(남대문시장),839
2022-06-28,4,서울역,1636
2022-06-28,4,숙대입구(갈월),2512
2022-06-28,4,삼각지,1058
2022-06-28,4,신용산,1708
2022-06-28,4,이촌(국립중앙박물관),1735
2022-06-28,4,동작(현충원),303
2022-06-28,4,총신대입구(이수),6053
2022-06-28,4,사당,9775
2022-06-28,4,남태령,310
2022-06-29,4,당고개,3925
2022-06-29,4,상계,8436
2022-06-29,4,노원,5893
2022-06-29,4,창동,9143
2022-06-29,4,쌍문,13370
2022-06-29,4,수유(강북구청),12648
2022-06-29,4,미아(서울사이버대학),5478
2022-06-29,4,미아사거리,10359
2022-06-29,4,길음,9470
2022-06-29,4,성신여대입구(돈암),5479
2022-06-29,4,한성대입구(삼선교),3799
2022-06-29,4,혜화,2386
2022-06-29,4,동대문,930
2022-06-29,4,동대문역사문화공원(DDP),947
2022-06-29,4,충무로,1476
2022-06-29,4,명동,897
2022-06-29,4,회현(남대문시장),784
2022-06-29,4,서울역,1590
2022-06-29,4,숙대입구(갈월),2514
2022-06-29,4,삼각지,1042
2022-06-29,4,신용산,1667
2022-06-29,4,이촌(국립중앙박물관),1691
2022-06-29,4,동작(현충원),309
2022-06-29,4,총신대입구(이수),6029
2022-06-29,4,사당,9394
2022-06-29,4,남태령,295
2022-06-30,4,당고개,3946
2022-06-30,4,상계,8579
2022-06-30,4,노원,5706
2022-06-30,4,창동,8907
2022-06-30,4,쌍문,13329
2022-06-30,4,수유(강북구청),12545
2022-06-30,4,미아(서울사이버대학),5442
2022-06-30,4,미아사거리,10305
2022-06-30,4,길음,9372
2022-06-30,4,성신여대입구(돈암),5627
2022-06-30,4,한성대입구(삼선교),3784
2022-06-30,4,혜화,2423
2022-06-30,4,동대문,894
2022-06-30,4,동대문역사문화공원(DDP),983
2022-06-30,4,충무로,1489
2022-06-30,4,명동,850
2022-06-30,4,회현(남대문시장),750
2022-06-30,4,서울역,1579
2022-06-30,4,숙대입구(갈월),2583
2022-06-30,4,삼각지,1063
2022-06-30,4,신용산,1736
2022-06-30,4,이촌(국립중앙박물관),1745
2022-06-30,4,동작(현충원),262
2022-06-30,4,총신대입구(이수),5697
2022-06-30,4,사당,9022
2022-06-30,4,남태령,316
2022-07-01,4,당고개,3732
2022-07-01,4,상계,8011
2022-07-01,4,노원,5387
2022-07-01,4,창동,9437
2022-07-01,4,쌍문,9605
2022-07-01,4,수유(강북구청),11518
2022-07-01,4,미아(서울사이버대학),4964
2022-07-01,4,미아사거리,9431
2022-07-01,4,길음,8500
2022-07-01,4,성신여대입구(돈암),5064
2022-07-01,4,한성대입구(삼선교),3512
2022-07-01,4,혜화,2167
2022-07-01,4,동대문,935
2022-07-01,4,동대문역사문화공원(DDP),1038
2022-07-01,4,충무로,1612
2022-07-01,4,명동,806
2022-07-01,4,회현(남대문시장),760
2022-07-01,4,서울역,1565
2022-07-01,4,숙대입구(갈월),2276
2022-07-01,4,삼각지,924
2022-07-01,4,신용산,1537
2022-07-01,4,이촌(국립중앙박물관),1665
2022-07-01,4,동작(현충원),468
2022-07-01,4,총신대입구(이수),5756
2022-07-01,4,사당,9903
2022-07-01,4,남태령,346
2022-07-02,4,당고개,1644
2022-07-02,4,상계,3116
2022-07-02,4,노원,2330
2022-07-02,4,창동,3613
2022-07-02,4,쌍문,5249
2022-07-02,4,수유(강북구청),5554
2022-07-02,4,미아(서울사이버대학),2507
2022-07-02,4,미아사거리,4085
2022-07-02,4,길음,3254
2022-07-02,4,성신여대입구(돈암),2267
2022-07-02,4,한성대입구(삼선교),1606
2022-07-02,4,혜화,1315
2022-07-02,4,동대문,557
2022-07-02,4,동대문역사문화공원(DDP),591
2022-07-02,4,충무로,884
2022-07-02,4,명동,732
2022-07-02,4,회현(남대문시장),623
2022-07-02,4,서울역,766
2022-07-02,4,숙대입구(갈월),1086
2022-07-02,4,삼각지,334
2022-07-02,4,신용산,787
2022-07-02,4,이촌(국립중앙박물관),632
2022-07-02,4,동작(현충원),194
2022-07-02,4,총신대입구(이수),2126
2022-07-02,4,사당,3149
2022-07-02,4,남태령,226
2022-07-03,4,당고개,1147
2022-07-03,4,상계,1985
2022-07-03,4,노원,1739
2022-07-03,4,창동,2398
2022-07-03,4,쌍문,3476
2022-07-03,4,수유(강북구청),3794
2022-07-03,4,미아(서울사이버대학),1666
2022-07-03,4,미아사거리,2795
2022-07-03,4,길음,1879
2022-07-03,4,성신여대입구(돈암),1515
2022-07-03,4,한성대입구(삼선교),1085
2022-07-03,4,혜화,878
2022-07-03,4,동대문,284
2022-07-03,4,동대문역사문화공원(DDP),469
2022-07-03,4,충무로,656
2022-07-03,4,명동,689
2022-07-03,4,회현(남대문시장),432
2022-07-03,4,서울역,642
2022-07-03,4,숙대입구(갈월),819
2022-07-03,4,삼각지,265
2022-07-03,4,신용산,537
2022-07-03,4,이촌(국립중앙박물관),467
2022-07-03,4,동작(현충원),149
2022-07-03,4,총신대입구(이수),1521
2022-07-03,4,사당,2105
2022-07-03,4,남태령,193
2022-07-04,4,당고개,3856
2022-07-04,4,상계,8002
2022-07-04,4,노원,5119
2022-07-04,4,창동,9186
2022-07-04,4,쌍문,12051
2022-07-04,4,수유(강북구청),11272
2022-07-04,4,미아(서울사이버대학),4982
2022-07-04,4,미아사거리,9484
2022-07-04,4,길음,8591
2022-07-04,4,성신여대입구(돈암),5184
2022-07-04,4,한성대입구(삼선교),3473
2022-07-04,4,혜화,2443
2022-07-04,4,동대문,1021
2022-07-04,4,동대문역사문화공원(DDP),961
2022-07-04,4,충무로,1488
2022-07-04,4,명동,905
2022-07-04,4,회현(남대문시장),817
2022-07-04,4,서울역,1548
2022-07-04,4,숙대입구(갈월),2265
2022-07-04,4,삼각지,965
2022-07-04,4,신용산,1621
2022-07-04,4,이촌(국립중앙박물관),1664
2022-07-04,4,동작(현충원),359
2022-07-04,4,총신대입구(이수),5738
2022-07-04,4,사당,10153
2022-07-04,4,남태령,322
2022-07-05,4,당고개,4059
2022-07-05,4,상계,8643
2022-07-05,4,노원,5660
2022-07-05,4,창동,9361
2022-07-05,4,쌍문,13392
2022-07-05,4,수유(강북구청),12484
2022-07-05,4,미아(서울사이버대학),5294
2022-07-05,4,미아사거리,10297
2022-07-05,4,길음,9282
2022-07-05,4,성신여대입구(돈암),5507
2022-07-05,4,한성대입구(삼선교),3812
2022-07-05,4,혜화,2544
2022-07-05,4,동대문,1046
2022-07-05,4,동대문역사문화공원(DDP),965
2022-07-05,4,충무로,1478
2022-07-05,4,명동,848
2022-07-05,4,회현(남대문시장),837
2022-07-05,4,서울역,1618
2022-07-05,4,숙대입구(갈월),2534
2022-07-05,4,삼각지,1010
2022-07-05,4,신용산,1652
2022-07-05,4,이촌(국립중앙박물관),1727
2022-07-05,4,동작(현충원),314
2022-07-05,4,총신대입구(이수),6079
2022-07-05,4,사당,9885
2022-07-05,4,남태령,293
2022-07-06,4,당고개,4063
2022-07-06,4,상계,8457
2022-07-06,4,노원,5641
2022-07-06,4,창동,9216
2022-07-06,4,쌍문,13451
2022-07-06,4,수유(강북구청),12603
2022-07-06,4,미아(서울사이버대학),5237
2022-07-06,4,미아사거리,10517
2022-07-06,4,길음,9483
2022-07-06,4,성신여대입구(돈암),5463
2022-07-06,4,한성대입구(삼선교),3702
2022-07-06,4,혜화,2464
2022-07-06,4,동대문,1018
2022-07-06,4,동대문역사문화공원(DDP),994
2022-07-06,4,충무로,1489
2022-07-06,4,명동,902
2022-07-06,4,회현(남대문시장),853
2022-07-06,4,서울역,1613
2022-07-06,4,숙대입구(갈월),2403
2022-07-06,4,삼각지,1019
2022-07-06,4,신용산,1671
2022-07-06,4,이촌(국립중앙박물관),1747
2022-07-06,4,동작(현충원),321
2022-07-06,4,총신대입구(이수),6142
2022-07-06,4,사당,9848
2022-07-06,4,남태령,288
2022-07-07,4,당고개,3996
2022-07-07,4,상계,8290
2022-07-07,4,노원,5580
2022-07-07,4,창동,9041
2022-07-07,4,쌍문,13065
2022-07-07,4,수유(강북구청),12363
2022-07-07,4,미아(서울사이버대학),5274
2022-07-07,4,미아사거리,10189
2022-07-07,4,길음,9335
2022-07-07,4,성신여대입구(돈암),5396
2022-07-07,4,한성대입구(삼선교),3700
2022-07-07,4,혜화,2437
2022-07-07,4,동대문,985
2022-07-07,4,동대문역사문화공원(DDP),958
2022-07-07,4,충무로,1547
2022-07-07,4,명동,911
2022-07-07,4,회현(남대문시장),808
2022-07-07,4,서울역,1575
2022-07-07,4,숙대입구(갈월),2392
2022-07-07,4,삼각지,1028
2022-07-07,4,신용산,1694
2022-07-07,4,이촌(국립중앙박물관),1712
2022-07-07,4,동작(현충원),309
2022-07-07,4,총신대입구(이수),5868
2022-07-07,4,사당,9782
2022-07-07,4,남태령,298
2022-07-08,4,당고개,3831
2022-07-08,4,상계,8164
2022-07-08,4,노원,5405
2022-07-08,4,창동,8850
2022-07-08,4,쌍문,12675
2022-07-08,4,수유(강북구청),11997
2022-07-08,4,미아(서울사이버대학),5002
2022-07-08,4,미아사거리,9807
2022-07-08,4,길음,9010
2022-07-08,4,성신여대입구(돈암),5269
2022-07-08,4,한성대입구(삼선교),3865
2022-07-08,4,혜화,2399
2022-07-08,4,동대문,993
2022-07-08,4,동대문역사문화공원(DDP),940
2022-07-08,4,충무로,1508
2022-07-08,4,명동,896
2022-07-08,4,회현(남대문시장),847
2022-07-08,4,서울역,1495
2022-07-08,4,숙대입구(갈월),2334
2022-07-08,4,삼각지,975
2022-07-08,4,신용산,1614
2022-07-08,4,이촌(국립중앙박물관),1598
2022-07-08,4,동작(현충원),343
2022-07-08,4,총신대입구(이수),5707
2022-07-08,4,사당,9313
2022-07-08,4,남태령,308
2022-07-09,4,당고개,1683
2022-07-09,4,상계,3151
2022-07-09,4,노원,2311
2022-07-09,4,창동,3694
2022-07-09,4,쌍문,5325
2022-07-09,4,수유(강북구청),5491
2022-07-09,4,미아(서울사이버대학),2439
2022-07-09,4,미아사거리,4111
2022-07-09,4,길음,3231
2022-07-09,4,성신여대입구(돈암),2278
2022-07-09,4,한성대입구(삼선교),1692
2022-07-09,4,혜화,1353
2022-07-09,4,동대문,556
2022-07-09,4,동대문역사문화공원(DDP),536
2022-07-09,4,충무로,845
2022-07-09,4,명동,633
2022-07-09,4,회현(남대문시장),608
2022-07-09,4,서울역,765
2022-07-09,4,숙대입구(갈월),1085
2022-07-09,4,삼각지,332
2022-07-09,4,신용산,798
2022-07-09,4,이촌(국립중앙박물관),655
2022-07-09,4,동작(현충원),199
2022-07-09,4,총신대입구(이수),2095
2022-07-09,4,사당,3067
2022-07-09,4,남태령,228
2022-07-10,4,당고개,1079
2022-07-10,4,상계,2056
2022-07-10,4,노원,1670
2022-07-10,4,창동,2400
2022-07-10,4,쌍문,3503
2022-07-10,4,수유(강북구청),3749
2022-07-10,4,미아(서울사이버대학),1655
2022-07-10,4,미아사거리,2916
2022-07-10,4,길음,1917
2022-07-10,4,성신여대입구(돈암),1449
2022-07-10,4,한성대입구(삼선교),1139
2022-07-10,4,혜화,911
2022-07-10,4,동대문,324
2022-07-10,4,동대문역사문화공원(DDP),484
2022-07-10,4,충무로,661
2022-07-10,4,명동,685
2022-07-10,4,회현(남대문시장),406
2022-07-10,4,서울역,636
2022-07-10,4,숙대입구(갈월),901
2022-07-10,4,삼각지,257
2022-07-10,4,신용산,555
2022-07-10,4,이촌(국립중앙박물관),455
2022-07-10,4,동작(현충원),155
2022-07-10,4,총신대입구(이수),1608
2022-07-10,4,사당,2211
2022-07-10,4,남태령,209
2022-07-11,4,당고개,3865
2022-07-11,4,상계,8165
2022-07-11,4,노원,5411
2022-07-11,4,창동,8761
2022-07-11,4,쌍문,12924
2022-07-11,4,수유(강북구청),12130
2022-07-11,4,미아(서울사이버대학),5166
2022-07-11,4,미아사거리,10103
2022-07-11,4,길음,9056
2022-07-11,4,성신여대입구(돈암),5425
2022-07-11,4,한성대입구(삼선교),3663
2022-07-11,4,혜화,2458
2022-07-11,4,동대문,1031
2022-07-11,4,동대문역사문화공원(DDP),905
2022-07-11,4,충무로,1368
2022-07-11,4,명동,955
2022-07-11,4,회현(남대문시장),814
2022-07-11,4,서울역,1548
2022-07-11,4,숙대입구(갈월),2441
2022-07-11,4,삼각지,1009
2022-07-11,4,신용산,1752
2022-07-11,4,이촌(국립중앙박물관),1666
2022-07-11,4,동작(현충원),309
2022-07-11,4,총신대입구(이수),5782
2022-07-11,4,사당,7881
2022-07-11,4,남태령,312
2022-07-12,4,당고개,4037
2022-07-12,4,상계,8540
2022-07-12,4,노원,5747
2022-07-12,4,창동,9092
2022-07-12,4,쌍문,13311
2022-07-12,4,수유(강북구청),12501
2022-07-12,4,미아(서울사이버대학),5334
2022-07-12,4,미아사거리,10413
2022-07-12,4,길음,9547
2022-07-12,4,성신여대입구(돈암),5533
2022-07-12,4,한성대입구(삼선교),3837
2022-07-12,4,혜화,2554
2022-07-12,4,동대문,1009
2022-07-12,4,동대문역사문화공원(DDP),969
2022-07-12,4,충무로,1544
2022-07-12,4,명동,981
2022-07-12,4,회현(남대문시장),879
2022-07-12,4,서울역,1553
2022-07-12,4,숙대입구(갈월),2425
2022-07-12,4,삼각지,1019
2022-07-12,4,신용산,1644
2022-07-12,4,이촌(국립중앙박물관),1693
2022-07-12,4,동작(현충원),328
2022-07-12,4,총신대입구(이수),6064
2022-07-12,4,사당,9581
2022-07-12,4,남태령,300
2022-07-13,4,당고개,3868
2022-07-13,4,상계,8464
2022-07-13,4,노원,5563
2022-07-13,4,창동,8852
2022-07-13,4,쌍문,12975
2022-07-13,4,수유(강북구청),12320
2022-07-13,4,미아(서울사이버대학),5231
2022-07-13,4,미아사거리,10095
2022-07-13,4,길음,9249
2022-07-13,4,성신여대입구(돈암),5416
2022-07-13,4,한성대입구(삼선교),3809
2022-07-13,4,혜화,2400
2022-07-13,4,동대문,950
2022-07-13,4,동대문역사문화공원(DDP),992
2022-07-13,4,충무로,1525
2022-07-13,4,명동,935
2022-07-13,4,회현(남대문시장),802
2022-07-13,4,서울역,1559
2022-07-13,4,숙대입구(갈월),2453
2022-07-13,4,삼각지,1004
2022-07-13,4,신용산,1702
2022-07-13,4,이촌(국립중앙박물관),1719
2022-07-13,4,동작(현충원),280
2022-07-13,4,총신대입구(이수),5783
2022-07-13,4,사당,9162
2022-07-13,4,남태령,287
2022-07-14,4,당고개,3881
2022-07-14,4,상계,8364
2022-07-14,4,노원,5509
2022-07-14,4,창동,9076
2022-07-14,4,쌍문,13187
2022-07-14,4,수유(강북구청),12298
2022-07-14,4,미아(서울사이버대학),5289
2022-07-14,4,미아사거리,10530
2022-07-14,4,길음,9424
2022-07-14,4,성신여대입구(돈암),5421
2022-07-14,4,한성대입구(삼선교),3723
2022-07-14,4,혜화,2396
2022-07-14,4,동대문,964
2022-07-14,4,동대문역사문화공원(DDP),952
2022-07-14,4,충무로,1513
2022-07-14,4,명동,1014
2022-07-14,4,회현(남대문시장),780
2022-07-14,4,서울역,1562
2022-07-14,4,숙대입구(갈월),2424
2022-07-14,4,삼각지,1009
2022-07-14,4,신용산,1662
2022-07-14,4,이촌(국립중앙박물관),1706
2022-07-14,4,동작(현충원),301
2022-07-14,4,총신대입구(이수),5956
2022-07-14,4,사당,9577
2022-07-14,4,남태령,291
2022-07-15,4,당고개,3846
2022-07-15,4,상계,8170
2022-07-15,4,노원,5463
2022-07-15,4,창동,8917
2022-07-15,4,쌍문,12867
2022-07-15,4,수유(강북구청),12189
2022-07-15,4,미아(서울사이버대학),5917
2022-07-15,4,미아사거리,10090
2022-07-15,4,길음,9063
2022-07-15,4,성신여대입구(돈암),5330
2022-07-15,4,한성대입구(삼선교),3727
2022-07-15,4,혜화,2443
2022-07-15,4,동대문,1010
2022-07-15,4,동대문역사문화공원(DDP),916
2022-07-15,4,충무로,1493
2022-07-15,4,명동,969
2022-07-15,4,회현(남대문시장),796
2022-07-15,4,서울역,1528
2022-07-15,4,숙대입구(갈월),2357
2022-07-15,4,삼각지,934
2022-07-15,4,신용산,1610
2022-07-15,4,이촌(국립중앙박물관),1948
2022-07-15,4,동작(현충원),329
2022-07-15,4,총신대입구(이수),5696
2022-07-15,4,사당,9010
2022-07-15,4,남태령,290
2022-07-16,4,당고개,1671
2022-07-16,4,상계,3151
2022-07-16,4,노원,2334
2022-07-16,4,창동,3460
2022-07-16,4,쌍문,5381
2022-07-16,4,수유(강북구청),5388
2022-07-16,4,미아(서울사이버대학),2383
2022-07-16,4,미아사거리,4099
2022-07-16,4,길음,3083
2022-07-16,4,성신여대입구(돈암),2127
2022-07-16,4,한성대입구(삼선교),1568
2022-07-16,4,혜화,1323
2022-07-16,4,동대문,552
2022-07-16,4,동대문역사문화공원(DDP),554
2022-07-16,4,충무로,876
2022-07-16,4,명동,719
2022-07-16,4,회현(남대문시장),638
2022-07-16,4,서울역,698
2022-07-16,4,숙대입구(갈월),1142
2022-07-16,4,삼각지,329
2022-07-16,4,신용산,790
2022-07-16,4,이촌(국립중앙박물관),610
2022-07-16,4,동작(현충원),191
2022-07-16,4,총신대입구(이수),1955
2022-07-16,4,사당,3025
2022-07-16,4,남태령,225
2022-07-17,4,당고개,1079
2022-07-17,4,상계,1928
2022-07-17,4,노원,1646
2022-07-17,4,창동,2276
2022-07-17,4,쌍문,3443
2022-07-17,4,수유(강북구청),3626
2022-07-17,4,미아(서울사이버대학),1666
2022-07-17,4,미아사거리,2777
2022-07-17,4,길음,1955
2022-07-17,4,성신여대입구(돈암),1414
2022-07-17,4,한성대입구(삼선교),1064
2022-07-17,4,혜화,870
2022-07-17,4,동대문,284
2022-07-17,4,동대문역사문화공원(DDP),422
2022-07-17,4,충무로,657
2022-07-17,4,명동,661
2022-07-17,4,회현(남대문시장),401
2022-07-17,4,서울역,656
2022-07-17,4,숙대입구(갈월),802
2022-07-17,4,삼각지,236
2022-07-17,4,신용산,550
2022-07-17,4,이촌(국립중앙박물관),413
2022-07-17,4,동작(현충원),139
2022-07-17,4,총신대입구(이수),1649
2022-07-17,4,사당,2201
2022-07-17,4,남태령,205
2022-07-18,4,당고개,3811
2022-07-18,4,상계,8153
2022-07-18,4,노원,5297
2022-07-18,4,창동,8938
2022-07-18,4,쌍문,12766
2022-07-18,4,수유(강북구청),11913
2022-07-18,4,미아(서울사이버대학),5088
2022-07-18,4,미아사거리,9952
2022-07-18,4,길음,8976
2022-07-18,4,성신여대입구(돈암),5243
2022-07-18,4,한성대입구(삼선교),3554
2022-07-18,4,혜화,2440
2022-07-18,4,동대문,1033
2022-07-18,4,동대문역사문화공원(DDP),908
2022-07-18,4,충무로,1404
2022-07-18,4,명동,879
2022-07-18,4,회현(남대문시장),782
2022-07-18,4,서울역,1589
2022-07-18,4,숙대입구(갈월),2299
2022-07-18,4,삼각지,961
2022-07-18,4,신용산,1611
2022-07-18,4,이촌(국립중앙박물관),1606
2022-07-18,4,동작(현충원),342
2022-07-18,4,총신대입구(이수),5713
2022-07-18,4,사당,9225
2022-07-18,4,남태령,314
2022-07-19,4,당고개,3909
2022-07-19,4,상계,8387
2022-07-19,4,노원,5724
2022-07-19,4,창동,8883
2022-07-19,4,쌍문,13228
2022-07-19,4,수유(강북구청),12379
2022-07-19,4,미아(서울사이버대학),5284
2022-07-19,4,미아사거리,10311
2022-07-19,4,길음,9332
2022-07-19,4,성신여대입구(돈암),5648
2022-07-19,4,한성대입구(삼선교),3803
2022-07-19,4,혜화,2423
2022-07-19,4,동대문,1040
2022-07-19,4,동대문역사문화공원(DDP),936
2022-07-19,4,충무로,1487
2022-07-19,4,명동,867
2022-07-19,4,회현(남대문시장),891
2022-07-19,4,서울역,1581
2022-07-19,4,숙대입구(갈월),2456
2022-07-19,4,삼각지,1009
2022-07-19,4,신용산,1627
2022-07-19,4,이촌(국립중앙박물관),1804
2022-07-19,4,동작(현충원),309
2022-07-19,4,총신대입구(이수),5902
2022-07-19,4,사당,9535
2022-07-19,4,남태령,311
2022-07-20,4,당고개,3932
2022-07-20,4,상계,8516
2022-07-20,4,노원,5476
2022-07-20,4,창동,8899
2022-07-20,4,쌍문,13332
2022-07-20,4,수유(강북구청),12359
2022-07-20,4,미아(서울사이버대학),5285
2022-07-20,4,미아사거리,10104
2022-07-20,4,길음,9386
2022-07-20,4,성신여대입구(돈암),5398
2022-07-20,4,한성대입구(삼선교),3799
2022-07-20,4,혜화,2518
2022-07-20,4,동대문,1009
2022-07-20,4,동대문역사문화공원(DDP),876
2022-07-20,4,충무로,1506
2022-07-20,4,명동,941
2022-07-20,4,회현(남대문시장),841
2022-07-20,4,서울역,1588
2022-07-20,4,숙대입구(갈월),2411
2022-07-20,4,삼각지,1021
2022-07-20,4,신용산,1660
2022-07-20,4,이촌(국립중앙박물관),1666
2022-07-20,4,동작(현충원),314
2022-07-20,4,총신대입구(이수),5877
2022-07-20,4,사당,9549
2022-07-20,4,남태령,279
2022-07-21,4,당고개,3852
2022-07-21,4,상계,8207
2022-07-21,4,노원,5390
2022-07-21,4,창동,8569
2022-07-21,4,쌍문,13081
2022-07-21,4,수유(강북구청),12248
2022-07-21,4,미아(서울사이버대학),5215
2022-07-21,4,미아사거리,10041
2022-07-21,4,길음,9113
2022-07-21,4,성신여대입구(돈암),5446
2022-07-21,4,한성대입구(삼선교),3800
2022-07-21,4,혜화,2305
2022-07-21,4,동대문,915
2022-07-21,4,동대문역사문화공원(DDP),911
2022-07-21,4,충무로,1470
2022-07-21,4,명동,927
2022-07-21,4,회현(남대문시장),758
2022-07-21,4,서울역,1567
2022-07-21,4,숙대입구(갈월),2495
2022-07-21,4,삼각지,983
2022-07-21,4,신용산,1643
2022-07-21,4,이촌(국립중앙박물관),1597
2022-07-21,4,동작(현충원),248
2022-07-21,4,총신대입구(이수),5678
2022-07-21,4,사당,9260
2022-07-21,4,남태령,299
2022-07-22,4,당고개,3744
2022-07-22,4,상계,8240
2022-07-22,4,노원,5311
2022-07-22,4,창동,8545
2022-07-22,4,쌍문,12602
2022-07-22,4,수유(강북구청),11806
2022-07-22,4,미아(서울사이버대학),5051
2022-07-22,4,미아사거리,9639
2022-07-22,4,길음,8663
2022-07-22,4,성신여대입구(돈암),5139
2022-07-22,4,한성대입구(삼선교),3617
2022-07-22,4,혜화,2450
2022-07-22,4,동대문,1008
2022-07-22,4,동대문역사문화공원(DDP),923
2022-07-22,4,충무로,1460
2022-07-22,4,명동,932
2022-07-22,4,회현(남대문시장),824
2022-07-22,4,서울역,1416
2022-07-22,4,숙대입구(갈월),2299
2022-07-22,4,삼각지,927
2022-07-22,4,신용산,1531
2022-07-22,4,이촌(국립중앙박물관),1529
2022-07-22,4,동작(현충원),358
2022-07-22,4,총신대입구(이수),5502
2022-07-22,4,사당,9010
2022-07-22,4,남태령,272
2022-07-23,4,당고개,1662
2022-07-23,4,상계,3047
2022-07-23,4,노원,2193
2022-07-23,4,창동,3594
2022-07-23,4,쌍문,5161
2022-07-23,4,수유(강북구청),5471
2022-07-23,4,미아(서울사이버대학),2379
2022-07-23,4,미아사거리,3915
2022-07-23,4,길음,2997
2022-07-23,4,성신여대입구(돈암),2191
2022-07-23,4,한성대입구(삼선교),1560
2022-07-23,4,혜화,1331
2022-07-23,4,동대문,536
2022-07-23,4,동대문역사문화공원(DDP),527
2022-07-23,4,충무로,887
2022-07-23,4,명동,721
2022-07-23,4,회현(남대문시장),589
2022-07-23,4,서울역,781
2022-07-23,4,숙대입구(갈월),1102
2022-07-23,4,삼각지,312
2022-07-23,4,신용산,724
2022-07-23,4,이촌(국립중앙박물관),581
2022-07-23,4,동작(현충원),215
2022-07-23,4,총신대입구(이수),2021
2022-07-23,4,사당,3139
2022-07-23,4,남태령,225
2022-07-24,4,당고개,1022
2022-07-24,4,상계,1787
2022-07-24,4,노원,1602
2022-07-24,4,창동,2125
2022-07-24,4,쌍문,3227
2022-07-24,4,수유(강북구청),3428
2022-07-24,4,미아(서울사이버대학),1511
2022-07-24,4,미아사거리,2651
2022-07-24,4,길음,1883
2022-07-24,4,성신여대입구(돈암),1365
2022-07-24,4,한성대입구(삼선교),1081
2022-07-24,4,혜화,882
2022-07-24,4,동대문,267
2022-07-24,4,동대문역사문화공원(DDP),503
2022-07-24,4,충무로,610
2022-07-24,4,명동,607
2022-07-24,4,회현(남대문시장),390
2022-07-24,4,서울역,569
2022-07-24,4,숙대입구(갈월),846
2022-07-24,4,삼각지,252
2022-07-24,4,신용산,449
2022-07-24,4,이촌(국립중앙박물관),419
2022-07-24,4,동작(현충원),157
2022-07-24,4,총신대입구(이수),1418
2022-07-24,4,사당,2110
2022-07-24,4,남태령,159
2022-07-25,4,당고개,3775
2022-07-25,4,상계,7927
2022-07-25,4,노원,5233
2022-07-25,4,창동,8525
2022-07-25,4,쌍문,12482
2022-07-25,4,수유(강북구청),11691
2022-07-25,4,미아(서울사이버대학),5008
2022-07-25,4,미아사거리,9741
2022-07-25,4,길음,8705
2022-07-25,4,성신여대입구(돈암),5087
2022-07-25,4,한성대입구(삼선교),3541
2022-07-25,4,혜화,2403
2022-07-25,4,동대문,1040
2022-07-25,4,동대문역사문화공원(DDP),915
2022-07-25,4,충무로,1358
2022-07-25,4,명동,948
2022-07-25,4,회현(남대문시장),836
2022-07-25,4,서울역,1496
2022-07-25,4,숙대입구(갈월),2282
2022-07-25,4,삼각지,977
2022-07-25,4,신용산,1676
2022-07-25,4,이촌(국립중앙박물관),1502
2022-07-25,4,동작(현충원),326
2022-07-25,4,총신대입구(이수),5412
2022-07-25,4,사당,9099
2022-07-25,4,남태령,325
2022-07-26,4,당고개,3750
2022-07-26,4,상계,8024
2022-07-26,4,노원,5308
2022-07-26,4,창동,8612
2022-07-26,4,쌍문,12732
2022-07-26,4,수유(강북구청),11976
2022-07-26,4,미아(서울사이버대학),5071
2022-07-26,4,미아사거리,9789
2022-07-26,4,길음,8940
2022-07-26,4,성신여대입구(돈암),5268
2022-07-26,4,한성대입구(삼선교),3734
2022-07-26,4,혜화,2350
2022-07-26,4,동대문,973
2022-07-26,4,동대문역사문화공원(DDP),924
2022-07-26,4,충무로,1472
2022-07-26,4,명동,900
2022-07-26,4,회현(남대문시장),797
2022-07-26,4,서울역,1494
2022-07-26,4,숙대입구(갈월),2386
2022-07-26,4,삼각지,966
2022-07-26,4,신용산,1580
2022-07-26,4,이촌(국립중앙박물관),1515
2022-07-26,4,동작(현충원),296
2022-07-26,4,총신대입구(이수),5633
2022-07-26,4,사당,9275
2022-07-26,4,남태령,330
2022-07-27,4,당고개,3718
2022-07-27,4,상계,7986
2022-07-27,4,노원,5253
2022-07-27,4,창동,8477
2022-07-27,4,쌍문,12612
2022-07-27,4,수유(강북구청),11915
2022-07-27,4,미아(서울사이버대학),5082
2022-07-27,4,미아사거리,9675
2022-07-27,4,길음,8748
2022-07-27,4,성신여대입구(돈암),5182
2022-07-27,4,한성대입구(삼선교),3658
2022-07-27,4,혜화,2380
2022-07-27,4,동대문,1002
2022-07-27,4,동대문역사문화공원(DDP),913
2022-07-27,4,충무로,1470
2022-07-27,4,명동,913
2022-07-27,4,회현(남대문시장),770
2022-07-27,4,서울역,1517
2022-07-27,4,숙대입구(갈월),2325
2022-07-27,4,삼각지,952
2022-07-27,4,신용산,1514
2022-07-27,4,이촌(국립중앙박물관),1540
2022-07-27,4,동작(현충원),269
2022-07-27,4,총신대입구(이수),5516
2022-07-27,4,사당,9033
2022-07-27,4,남태령,261
2022-07-28,4,당고개,3619
2022-07-28,4,상계,7874
2022-07-28,4,노원,5215
2022-07-28,4,창동,8332
2022-07-28,4,쌍문,12638
2022-07-28,4,수유(강북구청),11962
2022-07-28,4,미아(서울사이버대학),5020
2022-07-28,4,미아사거리,9714
2022-07-28,4,길음,8672
2022-07-28,4,성신여대입구(돈암),5217
2022-07-28,4,한성대입구(삼선교),3579
2022-07-28,4,혜화,2362
2022-07-28,4,동대문,995
2022-07-28,4,동대문역사문화공원(DDP),891
2022-07-28,4,충무로,1465
2022-07-28,4,명동,902
2022-07-28,4,회현(남대문시장),799
2022-07-28,4,서울역,1580
2022-07-28,4,숙대입구(갈월),2344
2022-07-28,4,삼각지,923
2022-07-28,4,신용산,1591
2022-07-28,4,이촌(국립중앙박물관),1497
2022-07-28,4,동작(현충원),298
2022-07-28,4,총신대입구(이수),5532
2022-07-28,4,사당,8949
2022-07-28,4,남태령,287
2022-07-29,4,당고개,3586
2022-07-29,4,상계,7593
2022-07-29,4,노원,5189
2022-07-29,4,창동,8167
2022-07-29,4,쌍문,12162
2022-07-29,4,수유(강북구청),11415
2022-07-29,4,미아(서울사이버대학),4887
2022-07-29,4,미아사거리,9347
2022-07-29,4,길음,8489
2022-07-29,4,성신여대입구(돈암),5037
2022-07-29,4,한성대입구(삼선교),3509
2022-07-29,4,혜화,2339
2022-07-29,4,동대문,1049
2022-07-29,4,동대문역사문화공원(DDP),924
2022-07-29,4,충무로,1370
2022-07-29,4,명동,989
2022-07-29,4,회현(남대문시장),809
2022-07-29,4,서울역,1447
2022-07-29,4,숙대입구(갈월),2315
2022-07-29,4,삼각지,895
2022-07-29,4,신용산,1533
2022-07-29,4,이촌(국립중앙박물관),1434
2022-07-29,4,동작(현충원),312
2022-07-29,4,총신대입구(이수),5331
2022-07-29,4,사당,8581
2022-07-29,4,남태령,310
2022-07-30,4,당고개,1532
2022-07-30,4,상계,2743
2022-07-30,4,노원,2087
2022-07-30,4,창동,3125
2022-07-30,4,쌍문,4906
2022-07-30,4,수유(강북구청),5082
2022-07-30,4,미아(서울사이버대학),2190
2022-07-30,4,미아사거리,3773
2022-07-30,4,길음,2772
2022-07-30,4,성신여대입구(돈암),2063
2022-07-30,4,한성대입구(삼선교),1543
2022-07-30,4,혜화,1225
2022-07-30,4,동대문,548
2022-07-30,4,동대문역사문화공원(DDP),550
2022-07-30,4,충무로,820
2022-07-30,4,명동,728
2022-07-30,4,회현(남대문시장),604
2022-07-30,4,서울역,679
2022-07-30,4,숙대입구(갈월),1061
2022-07-30,4,삼각지,303
2022-07-30,4,신용산,710
2022-07-30,4,이촌(국립중앙박물관),567
2022-07-30,4,동작(현충원),186
2022-07-30,4,총신대입구(이수),1921
2022-07-30,4,사당,2851
2022-07-30,4,남태령,215
2022-07-31,4,당고개,1037
2022-07-31,4,상계,1742
2022-07-31,4,노원,1556
2022-07-31,4,창동,2049
2022-07-31,4,쌍문,3152
2022-07-31,4,수유(강북구청),3420
2022-07-31,4,미아(서울사이버대학),1505
2022-07-31,4,미아사거리,2587
2022-07-31,4,길음,1750
2022-07-31,4,성신여대입구(돈암),1344
2022-07-31,4,한성대입구(삼선교),982
2022-07-31,4,혜화,859
2022-07-31,4,동대문,294
2022-07-31,4,동대문역사문화공원(DDP),482
2022-07-31,4,충무로,637
2022-07-31,4,명동,700
2022-07-31,4,회현(남대문시장),352
2022-07-31,4,서울역,620
2022-07-31,4,숙대입구(갈월),759
2022-07-31,4,삼각지,248
2022-07-31,4,신용산,509
2022-07-31,4,이촌(국립중앙박물관),383
2022-07-31,4,동작(현충원),134
2022-07-31,4,총신대입구(이수),1337
2022-07-31,4,사당,2002
2022-07-31,4,남태령,204
2022-08-01,4,당고개,3191
2022-08-01,4,상계,7027
2022-08-01,4,노원,4665
2022-08-01,4,창동,7234
2022-08-01,4,쌍문,11082
2022-08-01,4,수유(강북구청),10478
2022-08-01,4,미아(서울사이버대학),4347
2022-08-01,4,미아사거리,8494
2022-08-01,4,길음,7596
2022-08-01,4,성신여대입구(돈암),4564
2022-08-01,4,한성대입구(삼선교),3198
2022-08-01,4,혜화,2198
2022-08-01,4,동대문,755
2022-08-01,4,동대문역사문화공원(DDP),910
2022-08-01,4,충무로,1236
2022-08-01,4,명동,920
2022-08-01,4,회현(남대문시장),692
2022-08-01,4,서울역,1350
2022-08-01,4,숙대입구(갈월),2102
2022-08-01,4,삼각지,931
2022-08-01,4,신용산,1484
2022-08-01,4,이촌(국립중앙박물관),1359
2022-08-01,4,동작(현충원),266
2022-08-01,4,총신대입구(이수),5035
2022-08-01,4,사당,8414
2022-08-01,4,남태령,323
2022-08-02,4,당고개,3272
2022-08-02,4,상계,7095
2022-08-02,4,노원,4732
2022-08-02,4,창동,7567
2022-08-02,4,쌍문,11310
2022-08-02,4,수유(강북구청),10652
2022-08-02,4,미아(서울사이버대학),4428
2022-08-02,4,미아사거리,8591
2022-08-02,4,길음,7731
2022-08-02,4,성신여대입구(돈암),4701
2022-08-02,4,한성대입구(삼선교),3315
2022-08-02,4,혜화,2229
2022-08-02,4,동대문,788
2022-08-02,4,동대문역사문화공원(DDP),898
2022-08-02,4,충무로,1269
2022-08-02,4,명동,982
2022-08-02,4,회현(남대문시장),736
2022-08-02,4,서울역,1353
2022-08-02,4,숙대입구(갈월),2199
2022-08-02,4,삼각지,930
2022-08-02,4,신용산,1447
2022-08-02,4,이촌(국립중앙박물관),1345
2022-08-02,4,동작(현충원),248
2022-08-02,4,총신대입구(이수),5200
2022-08-02,4,사당,8435
2022-08-02,4,남태령,267
2022-08-03,4,당고개,3266
2022-08-03,4,상계,6974
2022-08-03,4,노원,4683
2022-08-03,4,창동,7407
2022-08-03,4,쌍문,11308
2022-08-03,4,수유(강북구청),10428
2022-08-03,4,미아(서울사이버대학),4265
2022-08-03,4,미아사거리,8534
2022-08-03,4,길음,7618
2022-08-03,4,성신여대입구(돈암),4614
2022-08-03,4,한성대입구(삼선교),3181
2022-08-03,4,혜화,2160
2022-08-03,4,동대문,733
2022-08-03,4,동대문역사문화공원(DDP),917
2022-08-03,4,충무로,1250
2022-08-03,4,명동,817
2022-08-03,4,회현(남대문시장),675
2022-08-03,4,서울역,1379
2022-08-03,4,숙대입구(갈월),2214
2022-08-03,4,삼각지,926
2022-08-03,4,신용산,1480
2022-08-03,4,이촌(국립중앙박물관),1309
2022-08-03,4,동작(현충원),216
2022-08-03,4,총신대입구(이수),5080
2022-08-03,4,사당,8242
2022-08-03,4,남태령,263
2022-08-04,4,당고개,3606
2022-08-04,4,상계,7564
2022-08-04,4,노원,5058
2022-08-04,4,창동,8120
2022-08-04,4,쌍문,12112
2022-08-04,4,수유(강북구청),11308
2022-08-04,4,미아(서울사이버대학),4824
2022-08-04,4,미아사거리,9274
2022-08-04,4,길음,8259
2022-08-04,4,성신여대입구(돈암),4278
2022-08-04,4,한성대입구(삼선교),3519
2022-08-04,4,혜화,2301
2022-08-04,4,동대문,962
2022-08-04,4,동대문역사문화공원(DDP),983
2022-08-04,4,충무로,1465
2022-08-04,4,명동,938
2022-08-04,4,회현(남대문시장),820
2022-08-04,4,서울역,1430
2022-08-04,4,숙대입구(갈월),2261
2022-08-04,4,삼각지,949
2022-08-04,4,신용산,1548
2022-08-04,4,이촌(국립중앙박물관),1422
2022-08-04,4,동작(현충원),298
2022-08-04,4,총신대입구(이수),5482
2022-08-04,4,사당,8708
2022-08-04,4,남태령,268
2022-08-05,4,당고개,3480
2022-08-05,4,상계,7364
2022-08-05,4,노원,4931
2022-08-05,4,창동,7801
2022-08-05,4,쌍문,11781
2022-08-05,4,수유(강북구청),10871
2022-08-05,4,미아(서울사이버대학),4677
2022-08-05,4,미아사거리,8944
2022-08-05,4,길음,7976
2022-08-05,4,성신여대입구(돈암),4772
2022-08-05,4,한성대입구(삼선교),3345
2022-08-05,4,혜화,2365
2022-08-05,4,동대문,969
2022-08-05,4,동대문역사문화공원(DDP),921
2022-08-05,4,충무로,1363
2022-08-05,4,명동,975
2022-08-05,4,회현(남대문시장),837
2022-08-05,4,서울역,1392
2022-08-05,4,숙대입구(갈월),2197
2022-08-05,4,삼각지,858
2022-08-05,4,신용산,1464
2022-08-05,4,이촌(국립중앙박물관),1333
2022-08-05,4,동작(현충원),299
2022-08-05,4,총신대입구(이수),5192
2022-08-05,4,사당,8252
2022-08-05,4,남태령,266
2022-08-06,4,당고개,1589
2022-08-06,4,상계,2912
2022-08-06,4,노원,2028
2022-08-06,4,창동,3201
2022-08-06,4,쌍문,4792
2022-08-06,4,수유(강북구청),5081
2022-08-06,4,미아(서울사이버대학),2335
2022-08-06,4,미아사거리,3684
2022-08-06,4,길음,2793
2022-08-06,4,성신여대입구(돈암),1706
2022-08-06,4,한성대입구(삼선교),1492
2022-08-06,4,혜화,1186
2022-08-06,4,동대문,494
2022-08-06,4,동대문역사문화공원(DDP),530
2022-08-06,4,충무로,847
2022-08-06,4,명동,723
2022-08-06,4,회현(남대문시장),565
2022-08-06,4,서울역,683
2022-08-06,4,숙대입구(갈월),1052
2022-08-06,4,삼각지,324
2022-08-06,4,신용산,639
2022-08-06,4,이촌(국립중앙박물관),510
2022-08-06,4,동작(현충원),194
2022-08-06,4,총신대입구(이수),1890
2022-08-06,4,사당,2674
2022-08-06,4,남태령,230
2022-08-07,4,당고개,1037
2022-08-07,4,상계,1832
2022-08-07,4,노원,1668
2022-08-07,4,창동,2184
2022-08-07,4,쌍문,3293
2022-08-07,4,수유(강북구청),3570
2022-08-07,4,미아(서울사이버대학),1514
2022-08-07,4,미아사거리,2606
2022-08-07,4,길음,1814
2022-08-07,4,성신여대입구(돈암),1127
2022-08-07,4,한성대입구(삼선교),1018
2022-08-07,4,혜화,870
2022-08-07,4,동대문,249
2022-08-07,4,동대문역사문화공원(DDP),496
2022-08-07,4,충무로,612
2022-08-07,4,명동,628
2022-08-07,4,회현(남대문시장),383
2022-08-07,4,서울역,558
2022-08-07,4,숙대입구(갈월),752
2022-08-07,4,삼각지,236
2022-08-07,4,신용산,491
2022-08-07,4,이촌(국립중앙박물관),361
2022-08-07,4,동작(현충원),149
2022-08-07,4,총신대입구(이수),1383
2022-08-07,4,사당,1978
2022-08-07,4,남태령,159
2022-08-08,4,당고개,3492
2022-08-08,4,상계,7385
2022-08-08,4,노원,4901
2022-08-08,4,창동,7849
2022-08-08,4,쌍문,11860
2022-08-08,4,수유(강북구청),11106
2022-08-08,4,미아(서울사이버대학),4591
2022-08-08,4,미아사거리,9050
2022-08-08,4,길음,8156
2022-08-08,4,성신여대입구(돈암),4857
2022-08-08,4,한성대입구(삼선교),3448
2022-08-08,4,혜화,2429
2022-08-08,4,동대문,640
2022-08-08,4,동대문역사문화공원(DDP),769
2022-08-08,4,충무로,1254
2022-08-08,4,명동,935
2022-08-08,4,회현(남대문시장),667
2022-08-08,4,서울역,1407
2022-08-08,4,숙대입구(갈월),2253
2022-08-08,4,삼각지,978
2022-08-08,4,신용산,1602
2022-08-08,4,이촌(국립중앙박물관),1403
2022-08-08,4,동작(현충원),268
2022-08-08,4,총신대입구(이수),5232
2022-08-08,4,사당,8644
2022-08-08,4,남태령,286
2022-08-09,4,당고개,3439
2022-08-09,4,상계,7435
2022-08-09,4,노원,4949
2022-08-09,4,창동,7805
2022-08-09,4,쌍문,11473
2022-08-09,4,수유(강북구청),10929
2022-08-09,4,미아(서울사이버대학),4657
2022-08-09,4,미아사거리,8668
2022-08-09,4,길음,7908
2022-08-09,4,성신여대입구(돈암),4696
2022-08-09,4,한성대입구(삼선교),3335
2022-08-09,4,혜화,2236
2022-08-09,4,동대문,573
2022-08-09,4,동대문역사문화공원(DDP),816
2022-08-09,4,충무로,1398
2022-08-09,4,명동,924
2022-08-09,4,회현(남대문시장),667
2022-08-09,4,서울역,1431
2022-08-09,4,숙대입구(갈월),2188
2022-08-09,4,삼각지,870
2022-08-09,4,신용산,1591
2022-08-09,4,이촌(국립중앙박물관),1703
2022-08-09,4,동작(현충원),896
2022-08-09,4,총신대입구(이수),4762
2022-08-09,4,사당,7113
2022-08-09,4,남태령,275
2022-08-10,4,당고개,3498
2022-08-10,4,상계,7619
2022-08-10,4,노원,5015
2022-08-10,4,창동,8008
2022-08-10,4,쌍문,11879
2022-08-10,4,수유(강북구청),11194
2022-08-10,4,미아(서울사이버대학),4791
2022-08-10,4,미아사거리,9071
2022-08-10,4,길음,8337
2022-08-10,4,성신여대입구(돈암),4851
2022-08-10,4,한성대입구(삼선교),3402
2022-08-10,4,혜화,2223
2022-08-10,4,동대문,585
2022-08-10,4,동대문역사문화공원(DDP),828
2022-08-10,4,충무로,1381
2022-08-10,4,명동,930
2022-08-10,4,회현(남대문시장),696
2022-08-10,4,서울역,1387
2022-08-10,4,숙대입구(갈월),2232
2022-08-10,4,삼각지,923
2022-08-10,4,신용산,1647
2022-08-10,4,이촌(국립중앙박물관),2180
2022-08-10,4,동작(현충원),354
2022-08-10,4,총신대입구(이수),5246
2022-08-10,4,사당,8077
2022-08-10,4,남태령,254
2022-08-11,4,당고개,3524
2022-08-11,4,상계,7573
2022-08-11,4,노원,5081
2022-08-11,4,창동,7983
2022-08-11,4,쌍문,11860
2022-08-11,4,수유(강북구청),11211
2022-08-11,4,미아(서울사이버대학),4778
2022-08-11,4,미아사거리,9183
2022-08-11,4,길음,8194
2022-08-11,4,성신여대입구(돈암),4879
2022-08-11,4,한성대입구(삼선교),3391
2022-08-11,4,혜화,2298
2022-08-11,4,동대문,606
2022-08-11,4,동대문역사문화공원(DDP),852
2022-08-11,4,충무로,1372
2022-08-11,4,명동,894
2022-08-11,4,회현(남대문시장),642
2022-08-11,4,서울역,1400
2022-08-11,4,숙대입구(갈월),2341
2022-08-11,4,삼각지,907
2022-08-11,4,신용산,1603
2022-08-11,4,이촌(국립중앙박물관),1723
2022-08-11,4,동작(현충원),291
2022-08-11,4,총신대입구(이수),5382
2022-08-11,4,사당,8687
2022-08-11,4,남태령,280
2022-08-12,4,당고개,3460
2022-08-12,4,상계,7418
2022-08-12,4,노원,5086
2022-08-12,4,창동,7843
2022-08-12,4,쌍문,11714
2022-08-12,4,수유(강북구청),10982
2022-08-12,4,미아(서울사이버대학),4730
2022-08-12,4,미아사거리,9082
2022-08-12,4,길음,7939
2022-08-12,4,성신여대입구(돈암),4725
2022-08-12,4,한성대입구(삼선교),3359
2022-08-12,4,혜화,2263
2022-08-12,4,동대문,627
2022-08-12,4,동대문역사문화공원(DDP),890
2022-08-12,4,충무로,1457
2022-08-12,4,명동,965
2022-08-12,4,회현(남대문시장),730
2022-08-12,4,서울역,1403
2022-08-12,4,숙대입구(갈월),2195
2022-08-12,4,삼각지,898
2022-08-12,4,신용산,1502
2022-08-12,4,이촌(국립중앙박물관),1533
2022-08-12,4,동작(현충원),337
2022-08-12,4,총신대입구(이수),5375
2022-08-12,4,사당,8142
2022-08-12,4,남태령,276
2022-08-13,4,당고개,1608
2022-08-13,4,상계,2847
2022-08-13,4,노원,1975
2022-08-13,4,창동,3173
2022-08-13,4,쌍문,4783
2022-08-13,4,수유(강북구청),5007
2022-08-13,4,미아(서울사이버대학),2167
2022-08-13,4,미아사거리,3793
2022-08-13,4,길음,2701
2022-08-13,4,성신여대입구(돈암),2021
2022-08-13,4,한성대입구(삼선교),1502
2022-08-13,4,혜화,1214
2022-08-13,4,동대문,449
2022-08-13,4,동대문역사문화공원(DDP),540
2022-08-13,4,충무로,862
2022-08-13,4,명동,708
2022-08-13,4,회현(남대문시장),510
2022-08-13,4,서울역,726
2022-08-13,4,숙대입구(갈월),1054
2022-08-13,4,삼각지,311
2022-08-13,4,신용산,675
2022-08-13,4,이촌(국립중앙박물관),539
2022-08-13,4,동작(현충원),170
2022-08-13,4,총신대입구(이수),1770
2022-08-13,4,사당,2705
2022-08-13,4,남태령,233
2022-08-14,4,당고개,1026
2022-08-14,4,상계,1700
2022-08-14,4,노원,1574
2022-08-14,4,창동,2057
2022-08-14,4,쌍문,3118
2022-08-14,4,수유(강북구청),3484
2022-08-14,4,미아(서울사이버대학),1497
2022-08-14,4,미아사거리,2547
2022-08-14,4,길음,1825
2022-08-14,4,성신여대입구(돈암),1303
2022-08-14,4,한성대입구(삼선교),993
2022-08-14,4,혜화,881
2022-08-14,4,동대문,265
2022-08-14,4,동대문역사문화공원(DDP),491
2022-08-14,4,충무로,588
2022-08-14,4,명동,712
2022-08-14,4,회현(남대문시장),388
2022-08-14,4,서울역,644
2022-08-14,4,숙대입구(갈월),779
2022-08-14,4,삼각지,239
2022-08-14,4,신용산,524
2022-08-14,4,이촌(국립중앙박물관),600
2022-08-14,4,동작(현충원),125
2022-08-14,4,총신대입구(이수),1391
2022-08-14,4,사당,1989
2022-08-14,4,남태령,176
2022-08-15,4,당고개,1085
2022-08-15,4,상계,1994
2022-08-15,4,노원,1359
2022-08-15,4,창동,2228
2022-08-15,4,쌍문,3410
2022-08-15,4,수유(강북구청),3534
2022-08-15,4,미아(서울사이버대학),1588
2022-08-15,4,미아사거리,2587
2022-08-15,4,길음,1918
2022-08-15,4,성신여대입구(돈암),1359
2022-08-15,4,한성대입구(삼선교),935
2022-08-15,4,혜화,818
2022-08-15,4,동대문,470
2022-08-15,4,동대문역사문화공원(DDP),526
2022-08-15,4,충무로,555
2022-08-15,4,명동,634
2022-08-15,4,회현(남대문시장),457
2022-08-15,4,서울역,453
2022-08-15,4,숙대입구(갈월),685
2022-08-15,4,삼각지,232
2022-08-15,4,신용산,434
2022-08-15,4,이촌(국립중앙박물관),332
2022-08-15,4,동작(현충원),148
2022-08-15,4,총신대입구(이수),1313
2022-08-15,4,사당,1669
2022-08-15,4,남태령,121
2022-08-16,4,당고개,3662
2022-08-16,4,상계,7662
2022-08-16,4,노원,5089
2022-08-16,4,창동,8113
2022-08-16,4,쌍문,12252
2022-08-16,4,수유(강북구청),11465
2022-08-16,4,미아(서울사이버대학),4866
2022-08-16,4,미아사거리,9623
2022-08-16,4,길음,8516
2022-08-16,4,성신여대입구(돈암),4964
2022-08-16,4,한성대입구(삼선교),3443
2022-08-16,4,혜화,2361
2022-08-16,4,동대문,937
2022-08-16,4,동대문역사문화공원(DDP),912
2022-08-16,4,충무로,1296
2022-08-16,4,명동,831
2022-08-16,4,회현(남대문시장),741
2022-08-16,4,서울역,1438
2022-08-16,4,숙대입구(갈월),2316
2022-08-16,4,삼각지,935
2022-08-16,4,신용산,1649
2022-08-16,4,이촌(국립중앙박물관),1512
2022-08-16,4,동작(현충원),294
2022-08-16,4,총신대입구(이수),5411
2022-08-16,4,사당,8742
2022-08-16,4,남태령,318
2022-08-17,4,당고개,3712
2022-08-17,4,상계,7803
2022-08-17,4,노원,5304
2022-08-17,4,창동,8605
2022-08-17,4,쌍문,10511
2022-08-17,4,수유(강북구청),11604
2022-08-17,4,미아(서울사이버대학),4941
2022-08-17,4,미아사거리,9558
2022-08-17,4,길음,8718
2022-08-17,4,성신여대입구(돈암),5067
2022-08-17,4,한성대입구(삼선교),3590
2022-08-17,4,혜화,2243
2022-08-17,4,동대문,941
2022-08-17,4,동대문역사문화공원(DDP),971
2022-08-17,4,충무로,1574
2022-08-17,4,명동,729
2022-08-17,4,회현(남대문시장),742
2022-08-17,4,서울역,1433
2022-08-17,4,숙대입구(갈월),2271
2022-08-17,4,삼각지,947
2022-08-17,4,신용산,1615
2022-08-17,4,이촌(국립중앙박물관),1592
2022-08-17,4,동작(현충원),323
2022-08-17,4,총신대입구(이수),5679
2022-08-17,4,사당,9677
2022-08-17,4,남태령,304
2022-08-18,4,당고개,3753
2022-08-18,4,상계,7861
2022-08-18,4,노원,5293
2022-08-18,4,창동,8498
2022-08-18,4,쌍문,12400
2022-08-18,4,수유(강북구청),11668
2022-08-18,4,미아(서울사이버대학),4908
2022-08-18,4,미아사거리,9677
2022-08-18,4,길음,8593
2022-08-18,4,성신여대입구(돈암),5064
2022-08-18,4,한성대입구(삼선교),3544
2022-08-18,4,혜화,2377
2022-08-18,4,동대문,936
2022-08-18,4,동대문역사문화공원(DDP),933
2022-08-18,4,충무로,1520
2022-08-18,4,명동,872
2022-08-18,4,회현(남대문시장),819
2022-08-18,4,서울역,1474
2022-08-18,4,숙대입구(갈월),2276
2022-08-18,4,삼각지,952
2022-08-18,4,신용산,1572
2022-08-18,4,이촌(국립중앙박물관),1519
2022-08-18,4,동작(현충원),292
2022-08-18,4,총신대입구(이수),5549
2022-08-18,4,사당,8485
2022-08-18,4,남태령,254
2022-08-19,4,당고개,3704
2022-08-19,4,상계,7847
2022-08-19,4,노원,5133
2022-08-19,4,창동,8368
2022-08-19,4,쌍문,12350
2022-08-19,4,수유(강북구청),11372
2022-08-19,4,미아(서울사이버대학),4912
2022-08-19,4,미아사거리,9470
2022-08-19,4,길음,8462
2022-08-19,4,성신여대입구(돈암),4959
2022-08-19,4,한성대입구(삼선교),3471
2022-08-19,4,혜화,2322
2022-08-19,4,동대문,946
2022-08-19,4,동대문역사문화공원(DDP),969
2022-08-19,4,충무로,1493
2022-08-19,4,명동,901
2022-08-19,4,회현(남대문시장),821
2022-08-19,4,서울역,1466
2022-08-19,4,숙대입구(갈월),2286
2022-08-19,4,삼각지,921
2022-08-19,4,신용산,1492
2022-08-19,4,이촌(국립중앙박물관),1515
2022-08-19,4,동작(현충원),349
2022-08-19,4,총신대입구(이수),5505
2022-08-19,4,사당,8702
2022-08-19,4,남태령,256
2022-08-20,4,당고개,1690
2022-08-20,4,상계,2983
2022-08-20,4,노원,2209
2022-08-20,4,창동,3447
2022-08-20,4,쌍문,5257
2022-08-20,4,수유(강북구청),5466
2022-08-20,4,미아(서울사이버대학),2344
2022-08-20,4,미아사거리,3924
2022-08-20,4,길음,2980
2022-08-20,4,성신여대입구(돈암),2179
2022-08-20,4,한성대입구(삼선교),1541
2022-08-20,4,혜화,1264
2022-08-20,4,동대문,492
2022-08-20,4,동대문역사문화공원(DDP),556
2022-08-20,4,충무로,909
2022-08-20,4,명동,698
2022-08-20,4,회현(남대문시장),582
2022-08-20,4,서울역,709
2022-08-20,4,숙대입구(갈월),1075
2022-08-20,4,삼각지,323
2022-08-20,4,신용산,736
2022-08-20,4,이촌(국립중앙박물관),603
2022-08-20,4,동작(현충원),226
2022-08-20,4,총신대입구(이수),1946
2022-08-20,4,사당,3021
2022-08-20,4,남태령,190
2022-08-21,4,당고개,1092
2022-08-21,4,상계,1907
2022-08-21,4,노원,1648
2022-08-21,4,창동,2298
2022-08-21,4,쌍문,3426
2022-08-21,4,수유(강북구청),3755
2022-08-21,4,미아(서울사이버대학),1617
2022-08-21,4,미아사거리,2720
2022-08-21,4,길음,1897
2022-08-21,4,성신여대입구(돈암),1466
2022-08-21,4,한성대입구(삼선교),1048
2022-08-21,4,혜화,858
2022-08-21,4,동대문,284
2022-08-21,4,동대문역사문화공원(DDP),472
2022-08-21,4,충무로,606
2022-08-21,4,명동,666
2022-08-21,4,회현(남대문시장),396
2022-08-21,4,서울역,620
2022-08-21,4,숙대입구(갈월),849
2022-08-21,4,삼각지,237
2022-08-21,4,신용산,535
2022-08-21,4,이촌(국립중앙박물관),406
2022-08-21,4,동작(현충원),142
2022-08-21,4,총신대입구(이수),1563
2022-08-21,4,사당,2244
2022-08-21,4,남태령,186
2022-08-22,4,당고개,3770
2022-08-22,4,상계,7746
2022-08-22,4,노원,5090
2022-08-22,4,창동,8242
2022-08-22,4,쌍문,12367
2022-08-22,4,수유(강북구청),11777
2022-08-22,4,미아(서울사이버대학),4932
2022-08-22,4,미아사거리,9650
2022-08-22,4,길음,8518
2022-08-22,4,성신여대입구(돈암),5014
2022-08-22,4,한성대입구(삼선교),3528
2022-08-22,4,혜화,2421
2022-08-22,4,동대문,941
2022-08-22,4,동대문역사문화공원(DDP),949
2022-08-22,4,충무로,1346
2022-08-22,4,명동,902
2022-08-22,4,회현(남대문시장),780
2022-08-22,4,서울역,1471
2022-08-22,4,숙대입구(갈월),2345
2022-08-22,4,삼각지,984
2022-08-22,4,신용산,1629
2022-08-22,4,이촌(국립중앙박물관),1578
2022-08-22,4,동작(현충원),286
2022-08-22,4,총신대입구(이수),5457
2022-08-22,4,사당,8804
2022-08-22,4,남태령,389
2022-08-23,4,당고개,3923
2022-08-23,4,상계,8178
2022-08-23,4,노원,5478
2022-08-23,4,창동,8733
2022-08-23,4,쌍문,12905
2022-08-23,4,수유(강북구청),12172
2022-08-23,4,미아(서울사이버대학),5201
2022-08-23,4,미아사거리,10071
2022-08-23,4,길음,9054
2022-08-23,4,성신여대입구(돈암),5388
2022-08-23,4,한성대입구(삼선교),3779
2022-08-23,4,혜화,2343
2022-08-23,4,동대문,901
2022-08-23,4,동대문역사문화공원(DDP),994
2022-08-23,4,충무로,1586
2022-08-23,4,명동,901
2022-08-23,4,회현(남대문시장),844
2022-08-23,4,서울역,1511
2022-08-23,4,숙대입구(갈월),2475
2022-08-23,4,삼각지,1024
2022-08-23,4,신용산,1698
2022-08-23,4,이촌(국립중앙박물관),1616
2022-08-23,4,동작(현충원),283
2022-08-23,4,총신대입구(이수),5747
2022-08-23,4,사당,9209
2022-08-23,4,남태령,425
2022-08-24,4,당고개,3869
2022-08-24,4,상계,8170
2022-08-24,4,노원,5383
2022-08-24,4,창동,8816
2022-08-24,4,쌍문,13012
2022-08-24,4,수유(강북구청),12254
2022-08-24,4,미아(서울사이버대학),5162
2022-08-24,4,미아사거리,10004
2022-08-24,4,길음,9250
2022-08-24,4,성신여대입구(돈암),5377
2022-08-24,4,한성대입구(삼선교),3767
2022-08-24,4,혜화,2344
2022-08-24,4,동대문,986
2022-08-24,4,동대문역사문화공원(DDP),967
2022-08-24,4,충무로,1619
2022-08-24,4,명동,1011
2022-08-24,4,회현(남대문시장),878
2022-08-24,4,서울역,1465
2022-08-24,4,숙대입구(갈월),2401
2022-08-24,4,삼각지,1054
2022-08-24,4,신용산,1677
2022-08-24,4,이촌(국립중앙박물관),1640
2022-08-24,4,동작(현충원),331
2022-08-24,4,총신대입구(이수),5784
2022-08-24,4,사당,9300
2022-08-24,4,남태령,395
2022-08-25,4,당고개,3977
2022-08-25,4,상계,8170
2022-08-25,4,노원,5470
2022-08-25,4,창동,8690
2022-08-25,4,쌍문,12799
2022-08-25,4,수유(강북구청),12158
2022-08-25,4,미아(서울사이버대학),5126
2022-08-25,4,미아사거리,10080
2022-08-25,4,길음,9179
2022-08-25,4,성신여대입구(돈암),5368
2022-08-25,4,한성대입구(삼선교),3801
2022-08-25,4,혜화,2322
2022-08-25,4,동대문,947
2022-08-25,4,동대문역사문화공원(DDP),1092
2022-08-25,4,충무로,1587
2022-08-25,4,명동,1016
2022-08-25,4,회현(남대문시장),852
2022-08-25,4,서울역,1521
2022-08-25,4,숙대입구(갈월),2483
2022-08-25,4,삼각지,1042
2022-08-25,4,신용산,1654
2022-08-25,4,이촌(국립중앙박물관),1685
2022-08-25,4,동작(현충원),318
2022-08-25,4,총신대입구(이수),5839
2022-08-25,4,사당,9192
2022-08-25,4,남태령,428
2022-08-26,4,당고개,3831
2022-08-26,4,상계,7949
2022-08-26,4,노원,5386
2022-08-26,4,창동,8455
2022-08-26,4,쌍문,12565
2022-08-26,4,수유(강북구청),11882
2022-08-26,4,미아(서울사이버대학),5064
2022-08-26,4,미아사거리,9791
2022-08-26,4,길음,8888
2022-08-26,4,성신여대입구(돈암),5228
2022-08-26,4,한성대입구(삼선교),3586
2022-08-26,4,혜화,2342
2022-08-26,4,동대문,1003
2022-08-26,4,동대문역사문화공원(DDP),1017
2022-08-26,4,충무로,1464
2022-08-26,4,명동,949
2022-08-26,4,회현(남대문시장),831
2022-08-26,4,서울역,1460
2022-08-26,4,숙대입구(갈월),2364
2022-08-26,4,삼각지,942
2022-08-26,4,신용산,1588
2022-08-26,4,이촌(국립중앙박물관),1571
2022-08-26,4,동작(현충원),363
2022-08-26,4,총신대입구(이수),5564
2022-08-26,4,사당,8775
2022-08-26,4,남태령,335
2022-08-27,4,당고개,1702
2022-08-27,4,상계,3176
2022-08-27,4,노원,2320
2022-08-27,4,창동,3671
2022-08-27,4,쌍문,5480
2022-08-27,4,수유(강북구청),5708
2022-08-27,4,미아(서울사이버대학),2514
2022-08-27,4,미아사거리,4142
2022-08-27,4,길음,3201
2022-08-27,4,성신여대입구(돈암),2273
2022-08-27,4,한성대입구(삼선교),1661
2022-08-27,4,혜화,1381
2022-08-27,4,동대문,487
2022-08-27,4,동대문역사문화공원(DDP),595
2022-08-27,4,충무로,930
2022-08-27,4,명동,786
2022-08-27,4,회현(남대문시장),607
2022-08-27,4,서울역,747
2022-08-27,4,숙대입구(갈월),1163
2022-08-27,4,삼각지,351
2022-08-27,4,신용산,735
2022-08-27,4,이촌(국립중앙박물관),680
2022-08-27,4,동작(현충원),207
2022-08-27,4,총신대입구(이수),2145
2022-08-27,4,사당,3208
2022-08-27,4,남태령,227
2022-08-28,4,당고개,1169
2022-08-28,4,상계,2076
2022-08-28,4,노원,1745
2022-08-28,4,창동,2455
2022-08-28,4,쌍문,3545
2022-08-28,4,수유(강북구청),3817
2022-08-28,4,미아(서울사이버대학),1655
2022-08-28,4,미아사거리,2913
2022-08-28,4,길음,1969
2022-08-28,4,성신여대입구(돈암),1477
2022-08-28,4,한성대입구(삼선교),1114
2022-08-28,4,혜화,922
2022-08-28,4,동대문,282
2022-08-28,4,동대문역사문화공원(DDP),458
2022-08-28,4,충무로,721
2022-08-28,4,명동,742
2022-08-28,4,회현(남대문시장),415
2022-08-28,4,서울역,679
2022-08-28,4,숙대입구(갈월),869
2022-08-28,4,삼각지,279
2022-08-28,4,신용산,547
2022-08-28,4,이촌(국립중앙박물관),432
2022-08-28,4,동작(현충원),146
2022-08-28,4,총신대입구(이수),1602
2022-08-28,4,사당,2265
2022-08-28,4,남태령,187
2022-08-29,4,당고개,4013
2022-08-29,4,상계,8263
2022-08-29,4,노원,5535
2022-08-29,4,창동,8768
2022-08-29,4,쌍문,13024
2022-08-29,4,수유(강북구청),12222
2022-08-29,4,미아(서울사이버대학),5153
2022-08-29,4,미아사거리,10280
2022-08-29,4,길음,9208
2022-08-29,4,성신여대입구(돈암),5442
2022-08-29,4,한성대입구(삼선교),3667
2022-08-29,4,혜화,2581
2022-08-29,4,동대문,978
2022-08-29,4,동대문역사문화공원(DDP),1007
2022-08-29,4,충무로,1404
2022-08-29,4,명동,917
2022-08-29,4,회현(남대문시장),797
2022-08-29,4,서울역,1508
2022-08-29,4,숙대입구(갈월),2480
2022-08-29,4,삼각지,1022
2022-08-29,4,신용산,1772
2022-08-29,4,이촌(국립중앙박물관),1686
2022-08-29,4,동작(현충원),276
2022-08-29,4,총신대입구(이수),5752
2022-08-29,4,사당,8871
2022-08-29,4,남태령,377
2022-08-30,4,당고개,3999
2022-08-30,4,상계,8399
2022-08-30,4,노원,5578
2022-08-30,4,창동,8776
2022-08-30,4,쌍문,13058
2022-08-30,4,수유(강북구청),12531
2022-08-30,4,미아(서울사이버대학),5200
2022-08-30,4,미아사거리,10313
2022-08-30,4,길음,9283
2022-08-30,4,성신여대입구(돈암),5373
2022-08-30,4,한성대입구(삼선교),3829
2022-08-30,4,혜화,2349
2022-08-30,4,동대문,835
2022-08-30,4,동대문역사문화공원(DDP),1032
2022-08-30,4,충무로,1509
2022-08-30,4,명동,855
2022-08-30,4,회현(남대문시장),781
2022-08-30,4,서울역,1576
2022-08-30,4,숙대입구(갈월),2526
2022-08-30,4,삼각지,1059
2022-08-30,4,신용산,1702
2022-08-30,4,이촌(국립중앙박물관),1634
2022-08-30,4,동작(현충원),277
2022-08-30,4,총신대입구(이수),5759
2022-08-30,4,사당,9183
2022-08-30,4,남태령,351
2022-08-31,4,당고개,4206
2022-08-31,4,상계,8511
2022-08-31,4,노원,5708
2022-08-31,4,창동,8901
2022-08-31,4,쌍문,13344
2022-08-31,4,수유(강북구청),12482
2022-08-31,4,미아(서울사이버대학),5321
2022-08-31,4,미아사거리,10384
2022-08-31,4,길음,9451
2022-08-31,4,성신여대입구(돈암),5423
2022-08-31,4,한성대입구(삼선교),3748
2022-08-31,4,혜화,2319
2022-08-31,4,동대문,888
2022-08-31,4,동대문역사문화공원(DDP),956
2022-08-31,4,충무로,1500
2022-08-31,4,명동,994
2022-08-31,4,회현(남대문시장),837
2022-08-31,4,서울역,1554
2022-08-31,4,숙대입구(갈월),2435
2022-08-31,4,삼각지,1038
2022-08-31,4,신용산,1661
2022-08-31,4,이촌(국립중앙박물관),1689
2022-08-31,4,동작(현충원),314
2022-08-31,4,총신대입구(이수),5922
2022-08-31,4,사당,9275
2022-08-31,4,남태령,361
