region,date,temperature,rainfall,wind_speed,humidity,snowfall
서울,2021-09-01 07:00,19.3,0.0,3.3,94,0.0
서울,2021-09-01 08:00,19.6,0.0,3.3,92,0.0
서울,2021-09-01 09:00,20.1,0.0,3.5,90,0.0
서울,2021-09-02 07:00,20.8,0.0,2.5,78,0.0
서울,2021-09-02 08:00,21.4,0.0,3.1,74,0.0
서울,2021-09-02 09:00,22.7,0.0,2.6,68,0.0
서울,2021-09-03 07:00,21.0,0.0,2.2,81,0.0
서울,2021-09-03 08:00,22.5,0.0,3.0,72,0.0
서울,2021-09-03 09:00,23.7,0.0,2.4,67,0.0
서울,2021-09-04 07:00,18.9,0.0,2.3,70,0.0
서울,2021-09-04 08:00,20.6,0.0,2.6,67,0.0
서울,2021-09-04 09:00,22.4,0.0,2.8,63,0.0
서울,2021-09-05 07:00,19.7,0.0,2.9,70,0.0
서울,2021-09-05 08:00,20.8,0.0,2.6,69,0.0
서울,2021-09-05 09:00,22.4,0.0,2.9,66,0.0
서울,2021-09-06 07:00,20.9,0.0,3.3,68,0.0
서울,2021-09-06 08:00,21.5,0.0,2.6,68,0.0
서울,2021-09-06 09:00,23.2,0.0,3.8,63,0.0
서울,2021-09-07 07:00,18.2,0.7,2.7,98,0.0
서울,2021-09-07 08:00,18.5,1.0,2.4,99,0.0
서울,2021-09-07 09:00,19.0,1.5,2.3,100,0.0
서울,2021-09-08 07:00,19.1,0.0,1.1,97,0.0
서울,2021-09-08 08:00,19.5,0.0,0.5,95,0.0
서울,2021-09-08 09:00,20.5,0.0,0.6,92,0.0
서울,2021-09-09 07:00,19.6,0.0,1.7,94,0.0
서울,2021-09-09 08:00,20.4,0.0,2.1,93,0.0
서울,2021-09-09 09:00,22.0,0.0,1.5,86,0.0
서울,2021-09-10 07:00,19.5,0.0,1.7,90,0.0
서울,2021-09-10 08:00,20.6,0.0,1.8,88,0.0
서울,2021-09-10 09:00,22.0,0.0,1.6,84,0.0
서울,2021-09-11 07:00,20.0,0.0,1.7,92,0.0
서울,2021-09-11 08:00,21.2,0.0,0.7,89,0.0
서울,2021-09-11 09:00,22.5,0.0,1.4,84,0.0
서울,2021-09-12 07:00,19.4,0.0,1.4,81,0.0
서울,2021-09-12 08:00,20.5,0.0,1.1,77,0.0
서울,2021-09-12 09:00,22.1,0.0,0.4,72,0.0
서울,2021-09-13 07:00,21.0,0.0,2.4,81,0.0
서울,2021-09-13 08:00,22.3,0.0,3.4,77,0.0
서울,2021-09-13 09:00,23.1,0.0,2.0,73,0.0
서울,2021-09-14 07:00,20.0,0.0,2.6,86,0.0
서울,2021-09-14 08:00,20.9,0.0,2.1,83,0.0
서울,2021-09-14 09:00,22.7,0.0,2.2,77,0.0
서울,2021-09-15 07:00,19.7,0.0,2.3,73,0.0
서울,2021-09-15 08:00,21.9,0.0,2.5,67,0.0
서울,2021-09-15 09:00,23.8,0.0,3.3,60,0.0
서울,2021-09-16 07:00,18.5,0.0,3.3,75,0.0
서울,2021-09-16 08:00,20.3,0.0,2.9,70,0.0
서울,2021-09-16 09:00,22.1,0.0,4.3,62,0.0
서울,2021-09-17 07:00,20.6,0.0,2.7,72,0.0
서울,2021-09-17 08:00,21.0,0.0,2.3,72,0.0
서울,2021-09-17 09:00,21.7,0.0,2.2,70,0.0
서울,2021-09-18 07:00,19.0,0.0,0.9,80,0.0
서울,2021-09-18 08:00,21.0,0.0,1.9,75,0.0
서울,2021-09-18 09:00,22.8,0.0,2.0,69,0.0
서울,2021-09-19 07:00,21.2,0.0,1.6,76,0.0
서울,2021-09-19 08:00,22.0,0.0,2.0,74,0.0
서울,2021-09-19 09:00,23.2,0.0,1.7,71,0.0
서울,2021-09-20 07:00,19.2,0.0,1.1,80,0.0
서울,2021-09-20 08:00,20.9,0.0,2.0,76,0.0
서울,2021-09-20 09:00,23.1,0.0,2.2,67,0.0
서울,2021-09-21 07:00,20.8,6.7,1.2,98,0.0
서울,2021-09-21 08:00,21.1,1.3,0.7,94,0.0
서울,2021-09-21 09:00,21.2,0.0,1.7,93,0.0
서울,2021-09-22 07:00,17.5,0.0,1.1,98,0.0
서울,2021-09-22 08:00,18.1,0.2,0.8,97,0.0
서울,2021-09-22 09:00,19.7,0.0,1.5,96,0.0
서울,2021-09-23 07:00,17.9,0.0,2.3,78,0.0
서울,2021-09-23 08:00,18.4,0.0,2.6,76,0.0
서울,2021-09-23 09:00,19.9,0.0,2.3,68,0.0
서울,2021-09-24 07:00,17.1,0.0,2.1,88,0.0
서울,2021-09-24 08:00,18.6,0.0,2.2,83,0.0
서울,2021-09-24 09:00,20.7,0.0,1.8,75,0.0
서울,2021-09-25 07:00,18.9,0.0,0.9,76,0.0
서울,2021-09-25 08:00,19.4,0.0,0.4,76,0.0
서울,2021-09-25 09:00,20.6,0.0,2.7,73,0.0
서울,2021-09-26 07:00,18.5,0.0,2.6,80,0.0
서울,2021-09-26 08:00,19.4,0.0,2.0,77,0.0
서울,2021-09-26 09:00,21.2,0.0,2.5,69,0.0
서울,2021-09-27 07:00,18.8,0.0,3.1,71,0.0
서울,2021-09-27 08:00,19.3,0.0,2.6,70,0.0
서울,2021-09-27 09:00,20.4,0.0,2.3,66,0.0
서울,2021-09-28 07:00,19.6,0.0,1.3,77,0.0
서울,2021-09-28 08:00,19.9,0.0,2.5,77,0.0
서울,2021-09-28 09:00,20.6,0.0,2.2,76,0.0
서울,2021-09-29 07:00,20.5,0.0,1.6,96,0.0
서울,2021-09-29 08:00,20.9,0.1,0.7,98,0.0
서울,2021-09-29 09:00,21.1,3.7,4.1,97,0.0
서울,2021-09-30 07:00,16.4,0.0,1.4,99,0.0
서울,2021-09-30 08:00,16.9,0.0,2.3,99,0.0
서울,2021-09-30 09:00,17.4,0.0,1.7,98,0.0
서울,2021-10-01 07:00,17.0,0.0,0.8,95,0.0
서울,2021-10-01 08:00,17.5,0.0,3.8,93,0.0
서울,2021-10-01 09:00,19.8,0.0,2.6,86,0.0
서울,2021-10-02 07:00,16.9,0.0,0.9,94,0.0
서울,2021-10-02 08:00,17.5,0.0,1.9,95,0.0
서울,2021-10-02 09:00,18.8,0.0,1.9,91,0.0
서울,2021-10-03 07:00,17.2,0.0,1.8,95,0.0
서울,2021-10-03 08:00,18.0,0.0,1.9,94,0.0
서울,2021-10-03 09:00,19.9,0.0,2.0,86,0.0
서울,2021-10-04 07:00,20.3,0.0,1.5,75,0.0
서울,2021-10-04 08:00,20.7,0.0,1.7,76,0.0
서울,2021-10-04 09:00,21.3,0.0,1.8,76,0.0
서울,2021-10-05 07:00,22.9,0.0,2.4,86,0.0
서울,2021-10-05 08:00,23.3,0.0,2.3,86,0.0
서울,2021-10-05 09:00,23.6,0.0,3.8,83,0.0
서울,2021-10-06 07:00,18.2,0.2,3.4,96,0.0
서울,2021-10-06 08:00,18.1,0.9,2.9,99,0.0
서울,2021-10-06 09:00,18.0,1.6,3.6,98,0.0
서울,2021-10-07 07:00,18.4,0.5,0.7,95,0.0
서울,2021-10-07 08:00,18.6,0.2,0.4,95,0.0
서울,2021-10-07 09:00,19.0,0.0,0.9,94,0.0
서울,2021-10-08 07:00,17.5,0.0,1.5,91,0.0
서울,2021-10-08 08:00,17.9,0.0,1.9,91,0.0
서울,2021-10-08 09:00,18.6,0.0,2.3,90,0.0
서울,2021-10-09 07:00,18.8,0.0,2.7,88,0.0
서울,2021-10-09 08:00,18.8,0.3,2.5,91,0.0
서울,2021-10-09 09:00,19.2,0.0,3.3,90,0.0
서울,2021-10-10 07:00,20.8,0.0,0.9,91,0.0
서울,2021-10-10 08:00,21.5,0.0,1.9,85,0.0
서울,2021-10-10 09:00,22.5,0.0,2.8,84,0.0
서울,2021-10-11 07:00,12.6,0.0,1.9,90,0.0
서울,2021-10-11 08:00,12.8,0.0,2.2,88,0.0
서울,2021-10-11 09:00,13.5,0.0,2.5,84,0.0
서울,2021-10-12 07:00,16.0,0.0,3.4,77,0.0
서울,2021-10-12 08:00,16.4,0.0,3.1,75,0.0
서울,2021-10-12 09:00,17.4,0.0,3.8,70,0.0
서울,2021-10-13 07:00,14.9,0.0,2.7,75,0.0
서울,2021-10-13 08:00,15.5,0.0,3.0,75,0.0
서울,2021-10-13 09:00,18.0,0.0,3.6,67,0.0
서울,2021-10-14 07:00,17.4,0.0,2.0,85,0.0
서울,2021-10-14 08:00,17.8,0.0,1.8,86,0.0
서울,2021-10-14 09:00,18.5,0.0,0.4,83,0.0
서울,2021-10-15 07:00,17.0,0.0,1.0,82,0.0
서울,2021-10-15 08:00,17.2,0.0,2.0,82,0.0
서울,2021-10-15 09:00,17.7,0.0,0.9,80,0.0
서울,2021-10-16 07:00,13.4,0.0,3.2,64,0.0
서울,2021-10-16 08:00,13.1,0.0,1.6,64,0.0
서울,2021-10-16 09:00,13.8,0.0,3.3,60,0.0
서울,2021-10-17 07:00,1.3,0.0,6.3,44,0.0
서울,2021-10-17 08:00,1.6,0.0,2.8,42,0.0
서울,2021-10-17 09:00,2.9,0.0,3.4,39,0.0
서울,2021-10-18 07:00,3.0,0.0,2.3,55,0.0
서울,2021-10-18 08:00,4.3,0.0,2.3,54,0.0
서울,2021-10-18 09:00,6.8,0.0,2.1,49,0.0
서울,2021-10-19 07:00,10.3,0.0,0.6,94,0.0
서울,2021-10-19 08:00,10.7,0.0,0.4,93,0.0
서울,2021-10-19 09:00,11.4,0.0,1.4,91,0.0
서울,2021-10-20 07:00,4.8,0.0,1.2,84,0.0
서울,2021-10-20 08:00,5.2,0.0,2.3,85,0.0
서울,2021-10-20 09:00,8.0,0.0,1.6,76,0.0
서울,2021-10-21 07:00,5.0,0.0,1.6,85,0.0
서울,2021-10-21 08:00,5.3,0.0,0.7,86,0.0
서울,2021-10-21 09:00,8.0,0.0,0.9,77,0.0
서울,2021-10-22 07:00,5.2,0.0,1.7,82,0.0
서울,2021-10-22 08:00,5.7,0.0,1.9,80,0.0
서울,2021-10-22 09:00,7.9,0.0,1.9,72,0.0
서울,2021-10-23 07:00,5.9,0.0,1.2,79,0.0
서울,2021-10-23 08:00,6.4,0.0,1.3,80,0.0
서울,2021-10-23 09:00,9.2,0.0,1.1,70,0.0
서울,2021-10-24 07:00,6.1,0.0,1.6,83,0.0
서울,2021-10-24 08:00,6.5,0.0,1.5,84,0.0
서울,2021-10-24 09:00,9.1,0.0,1.7,71,0.0
서울,2021-10-25 07:00,6.4,0.0,0.7,88,0.0
서울,2021-10-25 08:00,6.7,0.0,1.2,88,0.0
서울,2021-10-25 09:00,9.5,0.0,1.1,76,0.0
서울,2021-10-26 07:00,7.7,0.0,1.6,89,0.0
서울,2021-10-26 08:00,7.9,0.0,1.5,90,0.0
서울,2021-10-26 09:00,9.9,0.0,2.2,86,0.0
서울,2021-10-27 07:00,12.6,0.0,1.9,91,0.0
서울,2021-10-27 08:00,12.2,0.0,2.8,92,0.0
서울,2021-10-27 09:00,12.4,0.0,2.3,87,0.0
서울,2021-10-28 07:00,7.2,0.0,1.1,74,0.0
서울,2021-10-28 08:00,7.5,0.0,0.4,71,0.0
서울,2021-10-28 09:00,10.2,0.0,0.6,68,0.0
서울,2021-10-29 07:00,10.7,0.0,2.5,62,0.0
서울,2021-10-29 08:00,11.2,0.0,2.6,62,0.0
서울,2021-10-29 09:00,13.2,0.0,2.8,57,0.0
서울,2021-10-30 07:00,11.1,0.0,3.0,68,0.0
서울,2021-10-30 08:00,11.6,0.0,1.7,66,0.0
서울,2021-10-30 09:00,12.5,0.0,1.8,64,0.0
서울,2021-10-31 07:00,9.2,0.0,1.5,87,0.0
서울,2021-10-31 08:00,9.9,0.0,2.2,88,0.0
서울,2021-10-31 09:00,11.8,0.0,1.5,83,0.0
서울,2021-11-01 07:00,10.5,0.0,1.9,94,0.0
서울,2021-11-01 08:00,10.4,0.0,0.9,94,0.0
서울,2021-11-01 09:00,11.6,0.0,1.7,92,0.0
서울,2021-11-02 07:00,8.0,0.0,0.8,94,0.0
서울,2021-11-02 08:00,8.4,0.0,0.8,95,0.0
서울,2021-11-02 09:00,9.7,0.0,0.5,96,0.0
서울,2021-11-03 07:00,7.7,0.0,1.4,89,0.0
서울,2021-11-03 08:00,7.8,0.0,1.6,89,0.0
서울,2021-11-03 09:00,9.4,0.0,2.1,86,0.0
서울,2021-11-04 07:00,8.6,0.0,1.9,92,0.0
서울,2021-11-04 08:00,8.6,0.0,1.9,92,0.0
서울,2021-11-04 09:00,10.5,0.0,2.3,89,0.0
서울,2021-11-05 07:00,7.9,0.0,1.7,95,0.0
서울,2021-11-05 08:00,8.0,0.0,1.9,96,0.0
서울,2021-11-05 09:00,9.7,0.0,1.4,93,0.0
서울,2021-11-06 07:00,8.9,0.0,1.1,82,0.0
서울,2021-11-06 08:00,9.1,0.0,1.8,82,0.0
서울,2021-11-06 09:00,10.8,0.0,1.2,79,0.0
서울,2021-11-07 07:00,9.8,0.0,1.8,76,0.0
서울,2021-11-07 08:00,9.7,0.0,2.0,77,0.0
서울,2021-11-07 09:00,12.0,0.0,1.8,70,0.0
서울,2021-11-08 07:00,14.0,0.0,1.5,87,0.0
서울,2021-11-08 08:00,13.6,0.0,3.8,92,0.0
서울,2021-11-08 09:00,10.5,13.8,5.8,91,0.0
서울,2021-11-09 07:00,3.9,0.0,1.2,83,0.0
서울,2021-11-09 08:00,3.7,0.0,1.6,89,0.0
서울,2021-11-09 09:00,4.1,0.6,2.1,90,0.0
서울,2021-11-10 07:00,1.2,0.0,0.9,88,0.0
서울,2021-11-10 08:00,1.3,0.0,0.1,89,0.0
서울,2021-11-10 09:00,2.1,0.3,1.7,90,0.0
서울,2021-11-11 07:00,2.4,0.0,0.8,63,0.0
서울,2021-11-11 08:00,2.6,0.0,1.2,65,0.0
서울,2021-11-11 09:00,4.2,0.0,1.3,62,0.0
서울,2021-11-12 07:00,1.5,0.0,1.6,62,0.0
서울,2021-11-12 08:00,1.6,0.0,1.4,64,0.0
서울,2021-11-12 09:00,2.8,0.0,2.1,57,0.0
서울,2021-11-13 07:00,0.6,0.0,2.0,78,0.0
서울,2021-11-13 08:00,0.8,0.0,1.4,79,0.0
서울,2021-11-13 09:00,2.9,0.0,1.8,71,0.0
서울,2021-11-14 07:00,8.0,0.0,1.8,81,0.0
서울,2021-11-14 08:00,7.9,0.0,1.4,83,0.0
서울,2021-11-14 09:00,8.8,0.0,1.5,82,0.0
서울,2021-11-15 07:00,6.0,0.0,1.3,93,0.0
서울,2021-11-15 08:00,5.9,0.0,1.8,94,0.0
서울,2021-11-15 09:00,7.2,0.0,1.6,94,0.0
서울,2021-11-16 07:00,4.6,0.0,1.6,89,0.0
서울,2021-11-16 08:00,4.6,0.0,0.7,91,0.0
서울,2021-11-16 09:00,5.7,0.0,0.8,90,0.0
서울,2021-11-17 07:00,2.7,0.0,2.3,85,0.0
서울,2021-11-17 08:00,2.7,0.0,2.3,87,0.0
서울,2021-11-17 09:00,4.1,0.0,2.2,86,0.0
서울,2021-11-18 07:00,8.3,0.0,2.3,64,0.0
서울,2021-11-18 08:00,8.5,0.0,2.5,65,0.0
서울,2021-11-18 09:00,9.1,0.0,2.2,66,0.0
서울,2021-11-19 07:00,11.4,0.0,1.1,93,0.0
서울,2021-11-19 08:00,11.8,0.0,1.5,94,0.0
서울,2021-11-19 09:00,12.4,0.0,1.6,93,0.0
서울,2021-11-20 07:00,7.0,0.0,1.9,93,0.0
서울,2021-11-20 08:00,7.0,0.0,2.5,94,0.0
서울,2021-11-20 09:00,8.0,0.0,1.6,93,0.0
서울,2021-11-21 07:00,8.7,0.0,2.6,77,0.0
서울,2021-11-21 08:00,8.9,0.0,1.9,78,0.0
서울,2021-11-21 09:00,9.4,0.0,2.1,78,0.0
서울,2021-11-22 07:00,3.0,0.0,1.7,57,0.0
서울,2021-11-22 08:00,2.8,0.0,2.8,52,0.0
서울,2021-11-22 09:00,3.1,0.0,3.1,48,0.0
서울,2021-11-23 07:00,-3.5,0.0,2.2,59,0.0
서울,2021-11-23 08:00,-3.5,0.0,1.8,60,0.0
서울,2021-11-23 09:00,-2.2,0.0,2.0,56,0.0
서울,2021-11-24 07:00,-1.0,0.0,1.1,58,0.0
서울,2021-11-24 08:00,-1.1,0.0,1.2,60,0.0
서울,2021-11-24 09:00,0.1,0.0,0.6,58,0.0
서울,2021-11-25 07:00,4.0,0.0,0.5,81,0.0
서울,2021-11-25 08:00,3.7,0.0,1.4,81,0.0
서울,2021-11-25 09:00,4.4,0.0,1.9,70,0.0
서울,2021-11-26 07:00,-0.4,0.0,1.8,59,0.0
서울,2021-11-26 08:00,-0.1,0.0,1.6,58,0.0
서울,2021-11-26 09:00,1.4,0.0,0.6,56,0.0
서울,2021-11-27 07:00,-1.2,0.0,1.1,66,0.0
서울,2021-11-27 08:00,-1.3,0.0,1.6,70,0.0
서울,2021-11-27 09:00,0.0,0.0,2.3,68,0.0
서울,2021-11-28 07:00,-0.9,0.0,2.4,72,0.0
서울,2021-11-28 08:00,-1.3,0.0,2.3,73,0.0
서울,2021-11-28 09:00,1.1,0.0,2.0,65,0.0
서울,2021-11-29 07:00,2.9,0.0,2.1,68,0.0
서울,2021-11-29 08:00,3.7,0.0,1.7,63,0.0
서울,2021-11-29 09:00,4.5,0.0,1.3,62,0.0
서울,2021-11-30 07:00,6.8,0.0,2.8,95,0.0
서울,2021-11-30 08:00,7.0,0.0,1.9,97,0.0
서울,2021-11-30 09:00,7.2,11.1,2.4,97,0.0
서울,2021-12-01 07:00,-2.5,0.0,4.6,55,0.0
서울,2021-12-01 08:00,-2.7,0.0,5.1,55,0.0
서울,2021-12-01 09:00,-2.2,0.0,5.8,52,0.0
서울,2021-12-02 07:00,-4.2,0.0,1.4,65,0.0
서울,2021-12-02 08:00,-4.6,0.0,2.5,69,0.0
서울,2021-12-02 09:00,-3.1,0.0,2.5,68,0.0
서울,2021-12-03 07:00,2.0,0.0,1.3,62,0.0
서울,2021-12-03 08:00,1.5,0.0,2.1,58,0.0
서울,2021-12-03 09:00,2.1,0.0,3.2,56,0.0
서울,2021-12-04 07:00,-2.5,0.0,1.1,63,0.0
서울,2021-12-04 08:00,-2.3,0.0,0.3,64,0.0
서울,2021-12-04 09:00,-1.2,0.0,1.3,61,0.0
서울,2021-12-05 07:00,-2.0,0.0,2.0,61,0.0
서울,2021-12-05 08:00,-2.2,0.0,1.1,62,0.0
서울,2021-12-05 09:00,-1.0,0.0,2.0,59,0.0
서울,2021-12-06 07:00,-0.7,0.0,2.3,73,0.0
서울,2021-12-06 08:00,-0.7,0.0,2.5,73,0.0
서울,2021-12-06 09:00,0.9,0.0,1.7,70,0.0
서울,2021-12-07 07:00,2.8,0.0,1.3,82,0.0
서울,2021-12-07 08:00,2.6,0.0,1.3,82,0.0
서울,2021-12-07 09:00,3.2,0.0,2.0,82,0.0
서울,2021-12-08 07:00,2.2,0.0,1.7,89,0.0
서울,2021-12-08 08:00,2.1,0.0,1.4,91,0.0
서울,2021-12-08 09:00,2.7,0.0,1.7,90,0.0
서울,2021-12-09 07:00,2.8,0.0,2.2,81,0.0
서울,2021-12-09 08:00,3.1,0.0,2.0,79,0.0
서울,2021-12-09 09:00,4.2,0.0,2.7,76,0.0
서울,2021-12-10 07:00,7.1,0.0,2.5,68,0.0
서울,2021-12-10 08:00,7.2,0.0,2.1,69,0.0
서울,2021-12-10 09:00,7.4,0.0,2.5,70,0.0
서울,2021-12-11 07:00,4.7,0.0,0.6,95,0.0
서울,2021-12-11 08:00,4.5,0.0,1.8,95,0.0
서울,2021-12-11 09:00,4.7,0.0,0.8,94,0.0
서울,2021-12-12 07:00,2.7,0.0,2.3,88,0.0
서울,2021-12-12 08:00,2.0,0.0,2.7,86,0.0
서울,2021-12-12 09:00,1.9,0.0,2.5,86,0.0
서울,2021-12-13 07:00,-5.8,0.0,2.5,53,0.0
서울,2021-12-13 08:00,-5.7,0.0,2.4,53,0.0
서울,2021-12-13 09:00,-5.1,0.0,2.1,50,0.0
서울,2021-12-14 07:00,0.1,0.0,2.3,56,0.0
서울,2021-12-14 08:00,0.1,0.0,2.7,56,0.0
서울,2021-12-14 09:00,0.5,0.0,2.3,57,0.0
서울,2021-12-15 07:00,6.4,0.0,2.4,94,0.0
서울,2021-12-15 08:00,6.5,0.0,1.3,93,0.0
서울,2021-12-15 09:00,6.7,0.6,0.2,94,0.0
서울,2021-12-16 07:00,4.4,0.0,0.4,86,0.0
서울,2021-12-16 08:00,4.2,0.0,0.6,87,0.0
서울,2021-12-16 09:00,4.5,0.0,2.7,89,0.0
서울,2021-12-17 07:00,-3.9,0.0,3.3,64,0.0
서울,2021-12-17 08:00,-4.6,0.0,4.7,63,0.0
서울,2021-12-17 09:00,-4.8,0.0,5.0,59,0.0
서울,2021-12-18 07:00,-10.9,0.0,1.3,47,0.0
서울,2021-12-18 08:00,-11.1,0.0,2.4,50,0.0
서울,2021-12-18 09:00,-9.6,0.0,2.7,48,0.0
서울,2021-12-19 07:00,-5.2,0.0,0.2,67,4.3
서울,2021-12-19 08:00,-5.7,0.0,0.7,70,4.3
서울,2021-12-19 09:00,-4.9,0.0,1.5,70,4.3
서울,2021-12-20 07:00,0.5,0.0,2.3,82,1.7
서울,2021-12-20 08:00,0.2,0.0,2.2,83,1.6
서울,2021-12-20 09:00,0.7,0.0,2.2,85,1.6
서울,2021-12-21 07:00,5.2,0.0,0.7,96,0.0
서울,2021-12-21 08:00,5.7,0.0,1.5,97,0.0
서울,2021-12-21 09:00,6.0,0.0,1.2,98,0.0
서울,2021-12-22 07:00,-2.3,0.0,1.1,56,0.0
서울,2021-12-22 08:00,-2.4,0.0,0.8,58,0.0
서울,2021-12-22 09:00,-1.3,0.0,2.9,54,0.0
서울,2021-12-23 07:00,-1.1,0.0,1.0,66,0.0
서울,2021-12-23 08:00,-1.4,0.0,0.9,66,0.0
서울,2021-12-23 09:00,-1.0,0.0,2.1,67,0.0
서울,2021-12-24 07:00,2.2,0.0,1.3,62,0.0
서울,2021-12-24 08:00,2.5,0.0,1.4,62,0.0
서울,2021-12-24 09:00,2.7,0.0,1.3,61,0.0
서울,2021-12-25 07:00,-13.0,0.0,3.9,47,0.0
서울,2021-12-25 08:00,-13.3,0.0,3.5,45,0.0
서울,2021-12-25 09:00,-13.1,0.0,4.2,41,0.0
서울,2021-12-26 07:00,-15.3,0.0,3.4,49,0.0
서울,2021-12-26 08:00,-15.4,0.0,3.4,47,0.0
서울,2021-12-26 09:00,-15.0,0.0,3.7,46,0.0
서울,2021-12-27 07:00,-12.4,0.0,0.8,51,0.0
서울,2021-12-27 08:00,-12.6,0.0,2.0,56,0.0
서울,2021-12-27 09:00,-11.5,0.0,2.5,58,0.0
서울,2021-12-28 07:00,-8.4,0.0,2.3,88,0.0
서울,2021-12-28 08:00,-8.1,0.0,3.0,90,0.0
서울,2021-12-28 09:00,-7.3,0.0,2.0,88,0.0
서울,2021-12-29 07:00,-1.7,0.0,1.1,85,0.2
서울,2021-12-29 08:00,-1.4,0.0,2.0,85,0.2
서울,2021-12-29 09:00,-1.0,0.0,2.0,84,0.1
서울,2021-12-30 07:00,-6.6,0.0,1.9,59,0.0
서울,2021-12-30 08:00,-6.7,0.0,2.4,61,0.0
서울,2021-12-30 09:00,-6.3,0.0,1.5,56,0.0
서울,2021-12-31 07:00,-8.6,0.0,2.7,42,0.0
서울,2021-12-31 08:00,-8.8,0.0,2.9,42,0.0
서울,2021-12-31 09:00,-8.4,0.0,3.7,40,0.0
서울,2022-01-01 07:00,-10.1,0.0,1.9,55,0.0
서울,2022-01-01 08:00,-10.2,0.0,2.5,56,0.0
서울,2022-01-01 09:00,-9.1,0.0,2.1,56,0.0
서울,2022-01-02 07:00,-2.2,0.0,2.0,81,0.5
서울,2022-01-02 08:00,-2.2,0.0,2.0,83,0.5
서울,2022-01-02 09:00,-1.9,0.3,1.4,82,0.4
서울,2022-01-03 07:00,-7.7,0.0,2.0,54,0.0
서울,2022-01-03 08:00,-7.6,0.0,1.6,55,0.0
서울,2022-01-03 09:00,-6.9,0.0,1.7,55,0.0
서울,2022-01-04 07:00,-4.0,0.0,2.5,76,0.0
서울,2022-01-04 08:00,-4.6,0.0,1.9,75,0.0
서울,2022-01-04 09:00,-4.3,0.0,3.8,73,0.0
서울,2022-01-05 07:00,-7.7,0.0,2.3,57,0.0
서울,2022-01-05 08:00,-7.5,0.0,2.6,58,0.0
서울,2022-01-05 09:00,-6.4,0.0,0.9,56,0.0
서울,2022-01-06 07:00,-5.5,0.0,1.5,60,0.0
서울,2022-01-06 08:00,-5.9,0.0,2.5,62,0.0
서울,2022-01-06 09:00,-5.1,0.0,2.3,62,0.0
서울,2022-01-07 07:00,-5.8,0.0,1.3,62,0.0
서울,2022-01-07 08:00,-5.8,0.0,1.3,64,0.0
서울,2022-01-07 09:00,-5.3,0.0,1.5,63,0.0
서울,2022-01-08 07:00,-4.9,0.0,2.0,60,0.0
서울,2022-01-08 08:00,-4.9,0.0,2.3,61,0.0
서울,2022-01-08 09:00,-4.0,0.0,2.2,60,0.0
서울,2022-01-09 07:00,-0.9,0.0,1.5,88,0.0
서울,2022-01-09 08:00,-0.6,0.0,2.0,90,0.0
서울,2022-01-09 09:00,-0.6,0.0,1.0,88,0.0
서울,2022-01-10 07:00,-3.3,0.0,2.3,82,0.0
서울,2022-01-10 08:00,-3.3,0.0,2.0,84,0.0
서울,2022-01-10 09:00,-3.0,0.0,1.6,83,0.0
서울,2022-01-11 07:00,-8.7,0.0,3.7,62,0.9
서울,2022-01-11 08:00,-9.3,0.0,3.9,62,0.9
서울,2022-01-11 09:00,-9.3,0.0,3.2,61,0.8
서울,2022-01-12 07:00,-11.2,0.0,1.5,59,0.2
서울,2022-01-12 08:00,-11.2,0.0,1.8,59,0.2
서울,2022-01-12 09:00,-10.2,0.0,3.1,54,0.2
서울,2022-01-13 07:00,-6.9,0.0,2.4,53,0.0
서울,2022-01-13 08:00,-7.2,0.0,4.2,52,0.0
서울,2022-01-13 09:00,-6.9,0.0,3.6,49,0.0
서울,2022-01-14 07:00,-9.7,0.0,2.1,53,0.0
서울,2022-01-14 08:00,-10.0,0.0,1.5,56,0.0
서울,2022-01-14 09:00,-9.1,0.0,2.2,53,0.0
서울,2022-01-15 07:00,-4.6,0.0,2.8,53,0.0
서울,2022-01-15 08:00,-4.4,0.0,2.5,48,0.0
서울,2022-01-15 09:00,-3.8,0.0,2.3,46,0.0
서울,2022-01-16 07:00,-1.0,0.0,3.1,78,0.0
서울,2022-01-16 08:00,-2.5,0.0,3.5,75,0.0
서울,2022-01-16 09:00,-3.4,0.0,4.6,70,0.0
서울,2022-01-17 07:00,-9.2,0.0,1.6,59,0.0
서울,2022-01-17 08:00,-8.6,0.0,0.5,60,0.0
서울,2022-01-17 09:00,-7.9,0.0,1.5,57,0.0
서울,2022-01-18 07:00,-9.4,0.0,2.1,59,0.5
서울,2022-01-18 08:00,-9.6,0.0,2.4,61,0.4
서울,2022-01-18 09:00,-8.8,0.0,3.2,56,0.4
서울,2022-01-19 07:00,-6.7,0.0,2.3,62,0.0
서울,2022-01-19 08:00,-5.9,0.0,2.6,61,0.0
서울,2022-01-19 09:00,-4.8,0.0,2.0,59,0.0
서울,2022-01-20 07:00,-9.8,0.0,1.9,83,2.1
서울,2022-01-20 08:00,-9.3,0.0,2.4,81,2.0
서울,2022-01-20 09:00,-8.5,0.0,1.8,81,2.0
서울,2022-01-21 07:00,-8.3,0.0,2.4,76,0.0
서울,2022-01-21 08:00,-8.6,0.0,1.6,78,0.0
서울,2022-01-21 09:00,-7.2,0.0,1.6,77,0.0
서울,2022-01-22 07:00,-4.7,0.0,2.1,68,0.0
서울,2022-01-22 08:00,-5.0,0.0,2.2,70,0.0
서울,2022-01-22 09:00,-4.0,0.0,1.7,70,0.0
서울,2022-01-23 07:00,-0.5,0.0,0.2,52,0.0
서울,2022-01-23 08:00,-0.3,0.0,0.5,48,0.0
서울,2022-01-23 09:00,0.3,0.0,1.6,54,0.0
서울,2022-01-24 07:00,1.9,0.0,4.3,69,0.0
서울,2022-01-24 08:00,1.9,0.0,4.4,68,0.0
서울,2022-01-24 09:00,2.7,0.0,4.4,65,0.0
서울,2022-01-25 07:00,2.1,0.0,2.7,83,0.0
서울,2022-01-25 08:00,2.0,0.0,3.0,86,0.0
서울,2022-01-25 09:00,1.9,0.2,2.0,91,0.0
서울,2022-01-26 07:00,-1.8,0.0,1.7,91,0.0
서울,2022-01-26 08:00,-1.8,0.0,0.8,90,0.0
서울,2022-01-26 09:00,-1.2,0.0,1.5,90,0.0
서울,2022-01-27 07:00,-4.5,0.0,1.4,65,0.0
서울,2022-01-27 08:00,-4.6,0.0,1.8,65,0.0
서울,2022-01-27 09:00,-3.9,0.0,1.1,62,0.0
서울,2022-01-28 07:00,-5.6,0.0,2.3,64,0.0
서울,2022-01-28 08:00,-5.8,0.0,2.3,63,0.0
서울,2022-01-28 09:00,-5.2,0.0,2.7,62,0.0
서울,2022-01-29 07:00,-7.0,0.0,0.6,67,0.0
서울,2022-01-29 08:00,-7.0,0.0,2.0,67,0.0
서울,2022-01-29 09:00,-6.1,0.0,2.7,58,0.0
서울,2022-01-30 07:00,-7.8,0.0,1.4,60,0.0
서울,2022-01-30 08:00,-7.9,0.0,0.4,61,0.0
서울,2022-01-30 09:00,-6.8,0.0,0.9,60,0.0
서울,2022-01-31 07:00,-6.7,0.0,1.0,61,0.0
서울,2022-01-31 08:00,-6.7,0.0,0.5,61,0.0
서울,2022-01-31 09:00,-5.4,0.0,1.1,59,0.0
서울,2022-02-01 07:00,-2.1,0.0,2.3,89,5.0
서울,2022-02-01 08:00,-2.6,0.0,2.3,91,4.9
서울,2022-02-01 09:00,-2.1,0.0,2.3,89,4.9
서울,2022-02-02 07:00,-5.8,0.0,0.2,78,0.5
서울,2022-02-02 08:00,-5.4,0.0,2.8,82,0.5
서울,2022-02-02 09:00,-4.9,0.0,2.8,79,0.5
서울,2022-02-03 07:00,-6.5,0.0,1.5,71,0.0
서울,2022-02-03 08:00,-6.9,0.0,1.7,74,0.0
서울,2022-02-03 09:00,-5.6,0.0,1.7,70,0.0
서울,2022-02-04 07:00,-7.2,0.0,1.0,66,0.0
서울,2022-02-04 08:00,-7.1,0.0,1.4,68,0.0
서울,2022-02-04 09:00,-5.9,0.0,2.4,63,0.0
서울,2022-02-05 07:00,-9.5,0.0,2.3,57,0.0
서울,2022-02-05 08:00,-9.7,0.0,1.9,53,0.0
서울,2022-02-05 09:00,-8.8,0.0,2.7,48,0.0
서울,2022-02-06 07:00,-8.1,0.0,0.8,68,0.0
서울,2022-02-06 08:00,-7.8,0.0,0.4,69,0.0
서울,2022-02-06 09:00,-6.5,0.0,1.2,63,0.0
서울,2022-02-07 07:00,-6.8,0.0,1.0,64,0.0
서울,2022-02-07 08:00,-6.4,0.0,1.1,65,0.0
서울,2022-02-07 09:00,-5.5,0.0,1.5,63,0.0
서울,2022-02-08 07:00,-4.0,0.0,1.7,67,0.0
서울,2022-02-08 08:00,-4.0,0.0,1.9,70,0.0
서울,2022-02-08 09:00,-3.0,0.0,1.9,69,0.0
서울,2022-02-09 07:00,-4.1,0.0,2.1,76,0.0
서울,2022-02-09 08:00,-4.3,0.0,2.1,76,0.0
서울,2022-02-09 09:00,-3.1,0.0,2.3,74,0.0
서울,2022-02-10 07:00,-3.1,0.0,1.1,67,0.0
서울,2022-02-10 08:00,-3.2,0.0,1.6,67,0.0
서울,2022-02-10 09:00,-2.0,0.0,0.9,64,0.0
서울,2022-02-11 07:00,-2.3,0.0,1.4,78,0.0
서울,2022-02-11 08:00,-2.5,0.0,2.1,79,0.0
서울,2022-02-11 09:00,-1.6,0.0,1.8,77,0.0
서울,2022-02-12 07:00,0.3,0.0,2.1,83,0.0
서울,2022-02-12 08:00,-0.1,0.0,1.2,84,0.0
서울,2022-02-12 09:00,0.7,0.0,1.6,82,0.0
서울,2022-02-13 07:00,1.8,0.0,1.2,44,0.0
서울,2022-02-13 08:00,1.7,0.0,1.7,45,0.0
서울,2022-02-13 09:00,2.9,0.0,2.0,46,0.0
서울,2022-02-14 07:00,0.3,0.0,1.9,75,0.0
서울,2022-02-14 08:00,0.7,0.0,1.7,77,0.0
서울,2022-02-14 09:00,2.2,0.0,2.3,72,0.0
서울,2022-02-15 07:00,-5.7,0.0,3.7,70,0.0
서울,2022-02-15 08:00,-6.1,0.0,3.9,70,0.0
서울,2022-02-15 09:00,-6.0,0.0,3.1,71,0.0
서울,2022-02-16 07:00,-8.6,0.0,2.7,62,0.0
서울,2022-02-16 08:00,-8.9,0.0,4.6,59,0.0
서울,2022-02-16 09:00,-8.4,0.0,2.8,61,0.0
서울,2022-02-17 07:00,-10.3,0.0,2.8,48,0.0
서울,2022-02-17 08:00,-10.7,0.0,0.6,50,0.0
서울,2022-02-17 09:00,-9.6,0.0,2.3,48,0.0
서울,2022-02-18 07:00,-7.8,0.0,2.3,57,0.0
서울,2022-02-18 08:00,-7.9,0.0,2.7,59,0.0
서울,2022-02-18 09:00,-5.1,0.0,1.7,51,0.0
서울,2022-02-19 07:00,-2.2,0.0,3.6,51,0.0
서울,2022-02-19 08:00,-2.4,0.0,1.3,54,0.0
서울,2022-02-19 09:00,-1.6,0.0,0.9,53,0.0
서울,2022-02-20 07:00,-8.3,0.0,4.0,52,0.0
서울,2022-02-20 08:00,-8.4,0.0,4.4,52,0.0
서울,2022-02-20 09:00,-7.4,0.0,4.7,49,0.0
서울,2022-02-21 07:00,-7.9,0.0,1.6,60,0.0
서울,2022-02-21 08:00,-7.5,0.0,1.8,61,0.0
서울,2022-02-21 09:00,-5.0,0.0,2.6,60,0.0
서울,2022-02-22 07:00,-7.1,0.0,2.3,43,0.0
서울,2022-02-22 08:00,-7.3,0.0,0.6,44,0.0
서울,2022-02-22 09:00,-5.8,0.0,2.3,40,0.0
서울,2022-02-23 07:00,-9.8,0.0,1.7,54,0.0
서울,2022-02-23 08:00,-9.6,0.0,1.9,52,0.0
서울,2022-02-23 09:00,-8.0,0.0,2.2,46,0.0
서울,2022-02-24 07:00,-8.2,0.0,0.9,55,0.0
서울,2022-02-24 08:00,-8.0,0.0,1.3,56,0.0
서울,2022-02-24 09:00,-5.4,0.0,2.1,46,0.0
서울,2022-02-25 07:00,-3.5,0.0,2.5,89,0.0
서울,2022-02-25 08:00,-3.3,0.0,2.8,89,0.0
서울,2022-02-25 09:00,-1.6,0.0,2.8,86,0.0
서울,2022-02-26 07:00,4.1,0.0,4.0,87,0.0
서울,2022-02-26 08:00,4.3,0.0,4.0,86,0.0
서울,2022-02-26 09:00,4.6,0.0,2.8,86,0.0
서울,2022-02-27 07:00,-1.2,0.0,1.5,64,0.0
서울,2022-02-27 08:00,-1.4,0.0,0.9,64,0.0
서울,2022-02-27 09:00,1.1,0.0,2.1,58,0.0
서울,2022-02-28 07:00,3.8,0.0,2.0,85,0.0
서울,2022-02-28 08:00,4.0,0.0,1.4,83,0.0
서울,2022-02-28 09:00,4.7,0.0,1.3,81,0.0
서울,2022-03-01 07:00,5.6,0.0,0.3,91,0.0
서울,2022-03-01 08:00,5.7,0.0,0.8,90,0.0
서울,2022-03-01 09:00,6.0,0.6,1.4,91,0.0
서울,2022-03-02 07:00,-1.9,0.0,1.6,66,0.0
서울,2022-03-02 08:00,-1.3,0.0,1.0,66,0.0
서울,2022-03-02 09:00,1.4,0.0,1.7,53,0.0
서울,2022-03-03 07:00,1.2,0.0,0.8,92,0.0
서울,2022-03-03 08:00,1.1,0.0,2.0,92,0.0
서울,2022-03-03 09:00,3.1,0.0,2.5,71,0.0
서울,2022-03-04 07:00,0.6,0.0,2.3,63,0.0
서울,2022-03-04 08:00,1.5,0.0,2.0,61,0.0
서울,2022-03-04 09:00,3.9,0.0,2.2,56,0.0
서울,2022-03-05 07:00,0.0,0.0,4.1,46,0.0
서울,2022-03-05 08:00,0.0,0.0,5.0,34,0.0
서울,2022-03-05 09:00,1.2,0.0,4.4,30,0.0
서울,2022-03-06 07:00,-2.9,0.0,1.7,46,0.0
서울,2022-03-06 08:00,-1.9,0.0,2.5,43,0.0
서울,2022-03-06 09:00,0.1,0.0,3.2,37,0.0
서울,2022-03-07 07:00,-2.6,0.0,2.5,58,0.0
서울,2022-03-07 08:00,-2.2,0.0,2.2,59,0.0
서울,2022-03-07 09:00,0.4,0.0,2.1,58,0.0
서울,2022-03-08 07:00,2.4,0.0,1.8,51,0.0
서울,2022-03-08 08:00,2.9,0.0,2.5,51,0.0
서울,2022-03-08 09:00,4.0,0.0,2.4,48,0.0
서울,2022-03-09 07:00,1.8,0.0,1.7,93,0.0
서울,2022-03-09 08:00,2.0,0.0,2.8,95,0.0
서울,2022-03-09 09:00,3.3,0.0,0.9,94,0.0
서울,2022-03-10 07:00,4.2,0.0,2.1,75,0.0
서울,2022-03-10 08:00,4.5,0.0,0.9,75,0.0
서울,2022-03-10 09:00,6.7,0.0,2.1,69,0.0
서울,2022-03-11 07:00,5.1,0.0,1.8,64,0.0
서울,2022-03-11 08:00,6.0,0.0,1.3,61,0.0
서울,2022-03-11 09:00,7.4,0.0,1.4,58,0.0
서울,2022-03-12 07:00,6.6,0.0,3.1,77,0.0
서울,2022-03-12 08:00,7.7,0.0,2.4,72,0.0
서울,2022-03-12 09:00,9.7,0.0,2.7,64,0.0
서울,2022-03-13 07:00,12.1,0.0,2.8,99,0.0
서울,2022-03-13 08:00,11.8,0.0,2.2,98,0.0
서울,2022-03-13 09:00,11.6,0.8,2.7,98,0.0
서울,2022-03-14 07:00,8.7,0.0,3.5,87,0.0
서울,2022-03-14 08:00,9.0,0.0,3.2,86,0.0
서울,2022-03-14 09:00,9.6,0.0,2.2,85,0.0
서울,2022-03-15 07:00,2.4,0.0,1.1,92,0.0
서울,2022-03-15 08:00,2.5,0.0,1.0,93,0.0
서울,2022-03-15 09:00,4.3,0.0,1.4,90,0.0
서울,2022-03-16 07:00,3.7,0.0,0.8,79,0.0
서울,2022-03-16 08:00,4.3,0.0,1.2,81,0.0
서울,2022-03-16 09:00,6.2,0.0,1.4,77,0.0
서울,2022-03-17 07:00,7.9,0.0,1.8,69,0.0
서울,2022-03-17 08:00,8.1,0.0,1.2,69,0.0
서울,2022-03-17 09:00,8.8,0.0,2.2,67,0.0
서울,2022-03-18 07:00,6.8,0.0,6.5,69,0.0
서울,2022-03-18 08:00,6.8,0.0,4.3,68,0.0
서울,2022-03-18 09:00,7.3,0.0,4.4,65,0.0
서울,2022-03-19 07:00,1.1,0.0,4.0,97,0.3
서울,2022-03-19 08:00,1.1,0.0,4.2,98,0.5
서울,2022-03-19 09:00,1.1,4.5,3.9,98,0.5
서울,2022-03-20 07:00,4.1,0.0,1.8,87,0.0
서울,2022-03-20 08:00,4.2,0.0,2.3,88,0.0
서울,2022-03-20 09:00,5.0,0.0,2.1,86,0.0
서울,2022-03-21 07:00,-0.3,0.0,1.1,67,0.0
서울,2022-03-21 08:00,0.3,0.0,1.9,66,0.0
서울,2022-03-21 09:00,3.3,0.0,2.7,56,0.0
서울,2022-03-22 07:00,1.2,0.0,0.9,59,0.0
서울,2022-03-22 08:00,2.2,0.0,0.7,60,0.0
서울,2022-03-22 09:00,4.4,0.0,2.6,56,0.0
서울,2022-03-23 07:00,5.0,0.0,2.1,68,0.0
서울,2022-03-23 08:00,5.2,0.0,1.5,69,0.0
서울,2022-03-23 09:00,5.6,0.0,2.9,68,0.0
서울,2022-03-24 07:00,5.0,0.0,1.3,78,0.0
서울,2022-03-24 08:00,5.5,0.0,1.7,75,0.0
서울,2022-03-24 09:00,6.1,0.0,2.0,73,0.0
서울,2022-03-25 07:00,6.6,0.0,2.5,81,0.0
서울,2022-03-25 08:00,7.8,0.0,2.3,78,0.0
서울,2022-03-25 09:00,9.6,0.0,2.4,71,0.0
서울,2022-03-26 07:00,12.6,0.0,5.1,95,0.0
서울,2022-03-26 08:00,10.6,0.0,5.0,96,0.0
서울,2022-03-26 09:00,9.7,2.0,2.6,96,0.0
서울,2022-03-27 07:00,5.4,0.0,2.6,79,0.0
서울,2022-03-27 08:00,6.0,0.0,2.3,76,0.0
서울,2022-03-27 09:00,7.8,0.0,3.4,71,0.0
서울,2022-03-28 07:00,1.6,0.0,1.9,51,0.0
서울,2022-03-28 08:00,3.4,0.0,1.9,53,0.0
서울,2022-03-28 09:00,6.5,0.0,1.9,42,0.0
서울,2022-03-29 07:00,3.5,0.0,1.1,61,0.0
서울,2022-03-29 08:00,5.1,0.0,2.5,56,0.0
서울,2022-03-29 09:00,8.0,0.0,1.9,49,0.0
서울,2022-03-30 07:00,6.1,0.0,1.6,83,0.0
서울,2022-03-30 08:00,8.2,0.0,2.3,78,0.0
서울,2022-03-30 09:00,9.7,0.0,2.0,70,0.0
서울,2022-03-31 07:00,8.5,0.0,0.4,82,0.0
서울,2022-03-31 08:00,9.0,0.0,0.8,81,0.0
서울,2022-03-31 09:00,9.9,0.0,1.9,73,0.0
서울,2022-04-01 07:00,4.7,0.0,1.7,76,0.0
서울,2022-04-01 08:00,6.5,0.0,2.6,70,0.0
서울,2022-04-01 09:00,8.5,0.0,2.7,60,0.0
서울,2022-04-02 07:00,4.0,0.0,1.2,83,0.0
서울,2022-04-02 08:00,5.3,0.0,1.5,77,0.0
서울,2022-04-02 09:00,7.2,0.0,1.7,68,0.0
서울,2022-04-03 07:00,3.6,0.0,1.0,74,0.0
서울,2022-04-03 08:00,5.1,0.0,1.8,70,0.0
서울,2022-04-03 09:00,7.4,0.0,0.7,61,0.0
서울,2022-04-04 07:00,5.2,0.0,0.6,82,0.0
서울,2022-04-04 08:00,7.0,0.0,1.3,77,0.0
서울,2022-04-04 09:00,9.6,0.0,0.8,65,0.0
서울,2022-04-05 07:00,5.3,0.0,1.3,62,0.0
서울,2022-04-05 08:00,6.4,0.0,2.5,60,0.0
서울,2022-04-05 09:00,8.8,0.0,2.4,53,0.0
서울,2022-04-06 07:00,8.2,0.0,2.2,81,0.0
서울,2022-04-06 08:00,8.8,0.0,2.1,78,0.0
서울,2022-04-06 09:00,9.5,0.0,1.3,73,0.0
서울,2022-04-07 07:00,8.8,0.0,2.5,54,0.0
서울,2022-04-07 08:00,9.1,0.0,2.9,53,0.0
서울,2022-04-07 09:00,10.2,0.0,2.3,47,0.0
서울,2022-04-08 07:00,5.4,0.0,2.6,77,0.0
서울,2022-04-08 08:00,7.7,0.0,2.3,69,0.0
서울,2022-04-08 09:00,10.2,0.0,2.0,60,0.0
서울,2022-04-09 07:00,13.2,0.0,2.0,44,0.0
서울,2022-04-09 08:00,12.5,0.5,1.2,66,0.0
서울,2022-04-09 09:00,14.1,0.0,0.5,60,0.0
서울,2022-04-10 07:00,13.0,0.0,0.5,57,0.0
서울,2022-04-10 08:00,14.8,0.0,1.6,55,0.0
서울,2022-04-10 09:00,17.2,0.0,1.6,49,0.0
서울,2022-04-11 07:00,14.1,0.0,2.2,70,0.0
서울,2022-04-11 08:00,15.1,0.0,2.3,69,0.0
서울,2022-04-11 09:00,18.1,0.0,2.0,59,0.0
서울,2022-04-12 07:00,17.8,0.0,3.1,83,0.0
서울,2022-04-12 08:00,17.9,0.0,2.6,84,0.0
서울,2022-04-12 09:00,18.7,0.0,2.7,78,0.0
서울,2022-04-13 07:00,13.6,0.2,3.2,91,0.0
서울,2022-04-13 08:00,13.3,0.0,5.3,87,0.0
서울,2022-04-13 09:00,13.5,0.0,5.0,82,0.0
서울,2022-04-14 07:00,11.9,0.0,4.1,56,0.0
서울,2022-04-14 08:00,12.1,0.0,4.7,60,0.0
서울,2022-04-14 09:00,12.2,0.0,4.3,65,0.0
서울,2022-04-15 07:00,7.9,0.0,2.5,64,0.0
서울,2022-04-15 08:00,10.1,0.0,2.1,57,0.0
서울,2022-04-15 09:00,12.7,0.0,3.3,49,0.0
서울,2022-04-16 07:00,7.7,0.0,1.3,69,0.0
서울,2022-04-16 08:00,9.8,0.0,0.8,65,0.0
서울,2022-04-16 09:00,12.7,0.0,2.6,56,0.0
서울,2022-04-17 07:00,7.5,0.0,0.5,85,0.0
서울,2022-04-17 08:00,9.6,0.0,1.7,79,0.0
서울,2022-04-17 09:00,11.8,0.0,1.7,65,0.0
서울,2022-04-18 07:00,11.6,0.0,1.6,63,0.0
서울,2022-04-18 08:00,12.5,0.0,1.4,60,0.0
서울,2022-04-18 09:00,13.7,0.0,1.5,51,0.0
서울,2022-04-19 07:00,9.1,0.0,1.8,75,0.0
서울,2022-04-19 08:00,11.3,0.0,1.7,68,0.0
서울,2022-04-19 09:00,14.1,0.0,1.7,58,0.0
서울,2022-04-20 07:00,9.9,0.0,0.9,75,0.0
서울,2022-04-20 08:00,12.2,0.0,2.0,67,0.0
서울,2022-04-20 09:00,14.8,0.0,1.6,53,0.0
서울,2022-04-21 07:00,10.2,0.0,1.3,65,0.0
서울,2022-04-21 08:00,12.8,0.0,1.6,58,0.0
서울,2022-04-21 09:00,15.2,0.0,1.7,52,0.0
서울,2022-04-22 07:00,14.8,0.0,2.7,69,0.0
서울,2022-04-22 08:00,15.4,0.0,3.8,70,0.0
서울,2022-04-22 09:00,16.3,0.0,4.2,67,0.0
서울,2022-04-23 07:00,10.7,0.0,1.5,93,0.0
서울,2022-04-23 08:00,12.2,0.0,1.6,90,0.0
서울,2022-04-23 09:00,14.3,0.0,1.4,80,0.0
서울,2022-04-24 07:00,15.1,0.1,0.1,90,0.0
서울,2022-04-24 08:00,15.5,0.1,1.7,91,0.0
서울,2022-04-24 09:00,16.1,0.0,1.0,88,0.0
서울,2022-04-25 07:00,17.2,0.2,1.8,95,0.0
서울,2022-04-25 08:00,17.5,0.1,2.2,96,0.0
서울,2022-04-25 09:00,18.0,0.0,2.6,94,0.0
서울,2022-04-26 07:00,17.0,0.0,2.7,87,0.0
서울,2022-04-26 08:00,18.4,0.0,2.5,79,0.0
서울,2022-04-26 09:00,20.4,0.0,1.7,68,0.0
서울,2022-04-27 07:00,13.4,0.0,2.5,30,0.0
서울,2022-04-27 08:00,14.5,0.0,2.8,30,0.0
서울,2022-04-27 09:00,16.4,0.0,2.4,27,0.0
서울,2022-04-28 07:00,12.1,0.0,2.0,54,0.0
서울,2022-04-28 08:00,14.8,0.0,2.3,53,0.0
서울,2022-04-28 09:00,17.2,0.0,2.3,45,0.0
서울,2022-04-29 07:00,10.7,1.8,4.2,95,0.0
서울,2022-04-29 08:00,11.0,0.3,3.7,93,0.0
서울,2022-04-29 09:00,11.6,0.0,3.9,82,0.0
서울,2022-04-30 07:00,11.4,0.0,2.2,67,0.0
서울,2022-04-30 08:00,12.2,0.0,1.4,65,0.0
서울,2022-04-30 09:00,13.3,0.0,1.4,64,0.0
서울,2022-05-01 07:00,8.5,0.0,0.8,80,0.0
서울,2022-05-01 08:00,11.0,0.0,1.7,66,0.0
서울,2022-05-01 09:00,13.2,0.0,1.9,58,0.0
서울,2022-05-02 07:00,10.3,0.0,1.7,93,0.0
서울,2022-05-02 08:00,11.3,0.0,1.3,87,0.0
서울,2022-05-02 09:00,13.3,0.0,2.1,77,0.0
서울,2022-05-03 07:00,9.7,0.0,1.2,75,0.0
서울,2022-05-03 08:00,12.1,0.0,2.3,75,0.0
서울,2022-05-03 09:00,14.1,0.0,2.4,59,0.0
서울,2022-05-04 07:00,10.7,0.0,1.5,62,0.0
서울,2022-05-04 08:00,14.0,0.0,2.2,53,0.0
서울,2022-05-04 09:00,16.6,0.0,1.9,42,0.0
서울,2022-05-05 07:00,12.9,0.0,1.6,58,0.0
서울,2022-05-05 08:00,15.9,0.0,1.5,56,0.0
서울,2022-05-05 09:00,18.4,0.0,2.8,36,0.0
서울,2022-05-06 07:00,14.6,0.0,1.3,81,0.0
서울,2022-05-06 08:00,17.4,0.0,1.4,72,0.0
서울,2022-05-06 09:00,19.9,0.0,2.0,62,0.0
서울,2022-05-07 07:00,15.6,0.0,3.0,90,0.0
서울,2022-05-07 08:00,15.3,0.1,3.7,91,0.0
서울,2022-05-07 09:00,15.7,0.0,2.6,88,0.0
서울,2022-05-08 07:00,15.0,0.0,2.3,43,0.0
서울,2022-05-08 08:00,15.4,0.0,2.1,43,0.0
서울,2022-05-08 09:00,15.8,0.0,2.4,41,0.0
서울,2022-05-09 07:00,11.6,0.0,2.2,83,0.0
서울,2022-05-09 08:00,13.9,0.0,1.9,76,0.0
서울,2022-05-09 09:00,15.8,0.0,2.0,66,0.0
서울,2022-05-10 07:00,14.2,0.0,2.3,58,0.0
서울,2022-05-10 08:00,15.5,0.0,2.4,51,0.0
서울,2022-05-10 09:00,18.7,0.0,2.6,41,0.0
서울,2022-05-11 07:00,17.1,0.0,2.4,60,0.0
서울,2022-05-11 08:00,18.1,0.0,2.4,60,0.0
서울,2022-05-11 09:00,19.6,0.0,2.1,49,0.0
서울,2022-05-12 07:00,14.8,0.0,2.1,73,0.0
서울,2022-05-12 08:00,16.8,0.0,1.2,64,0.0
서울,2022-05-12 09:00,19.1,0.0,2.1,59,0.0
서울,2022-05-13 07:00,15.7,0.0,1.7,55,0.0
서울,2022-05-13 08:00,18.3,0.0,1.8,50,0.0
서울,2022-05-13 09:00,19.4,0.0,1.6,49,0.0
서울,2022-05-14 07:00,12.8,0.0,1.7,59,0.0
서울,2022-05-14 08:00,15.1,0.0,3.2,49,0.0
서울,2022-05-14 09:00,16.7,0.0,3.3,40,0.0
서울,2022-05-15 07:00,10.9,0.0,0.8,56,0.0
서울,2022-05-15 08:00,14.0,0.0,2.1,48,0.0
서울,2022-05-15 09:00,16.2,0.0,3.0,39,0.0
서울,2022-05-16 07:00,12.0,0.0,1.3,66,0.0
서울,2022-05-16 08:00,14.9,0.0,1.8,59,0.0
서울,2022-05-16 09:00,17.2,0.0,2.4,54,0.0
서울,2022-05-17 07:00,14.2,0.0,2.3,78,0.0
서울,2022-05-17 08:00,16.8,0.0,2.5,66,0.0
서울,2022-05-17 09:00,19.0,0.0,2.0,59,0.0
서울,2022-05-18 07:00,17.0,0.0,1.4,74,0.0
서울,2022-05-18 08:00,18.9,0.0,1.8,60,0.0
서울,2022-05-18 09:00,18.5,0.0,1.9,65,0.0
서울,2022-05-19 07:00,16.8,0.0,1.6,66,0.0
서울,2022-05-19 08:00,18.7,0.0,1.1,57,0.0
서울,2022-05-19 09:00,20.5,0.0,3.8,49,0.0
서울,2022-05-20 07:00,16.6,0.0,0.8,58,0.0
서울,2022-05-20 08:00,18.3,0.0,1.4,56,0.0
서울,2022-05-20 09:00,19.7,0.0,1.5,54,0.0
서울,2022-05-21 07:00,17.9,0.0,1.5,85,0.0
서울,2022-05-21 08:00,18.6,0.0,2.5,78,0.0
서울,2022-05-21 09:00,19.9,0.0,2.1,73,0.0
서울,2022-05-22 07:00,16.0,0.0,2.0,85,0.0
서울,2022-05-22 08:00,16.5,0.0,1.3,82,0.0
서울,2022-05-22 09:00,17.5,0.0,2.9,77,0.0
서울,2022-05-23 07:00,18.7,0.0,2.2,82,0.0
서울,2022-05-23 08:00,19.1,0.0,1.8,80,0.0
서울,2022-05-23 09:00,21.3,0.0,1.7,72,0.0
서울,2022-05-24 07:00,17.8,0.0,1.5,81,0.0
서울,2022-05-24 08:00,19.5,0.0,1.7,72,0.0
서울,2022-05-24 09:00,21.9,0.0,1.9,59,0.0
서울,2022-05-25 07:00,17.8,0.0,0.0,80,0.0
서울,2022-05-25 08:00,20.3,0.0,1.5,70,0.0
서울,2022-05-25 09:00,23.0,0.0,1.1,61,0.0
서울,2022-05-26 07:00,15.0,0.0,2.1,86,0.0
서울,2022-05-26 08:00,16.7,0.0,2.4,80,0.0
서울,2022-05-26 09:00,18.3,0.0,3.2,72,0.0
서울,2022-05-27 07:00,16.5,0.0,3.3,83,0.0
서울,2022-05-27 08:00,17.7,0.0,3.0,70,0.0
서울,2022-05-27 09:00,19.3,0.0,3.1,61,0.0
서울,2022-05-28 07:00,17.2,0.0,0.8,80,0.0
서울,2022-05-28 08:00,19.7,0.0,2.1,71,0.0
서울,2022-05-28 09:00,21.2,0.0,2.2,66,0.0
서울,2022-05-29 07:00,19.7,0.0,1.0,77,0.0
서울,2022-05-29 08:00,20.0,0.0,1.5,78,0.0
서울,2022-05-29 09:00,20.9,0.0,1.0,74,0.0
서울,2022-05-30 07:00,20.5,0.0,0.4,77,0.0
서울,2022-05-30 08:00,21.6,0.0,1.7,74,0.0
서울,2022-05-30 09:00,21.9,0.0,2.9,73,0.0
서울,2022-05-31 07:00,15.6,0.0,1.7,67,0.0
서울,2022-05-31 08:00,18.4,0.0,1.9,60,0.0
서울,2022-05-31 09:00,20.7,0.0,1.9,51,0.0
서울,2022-06-01 07:00,17.4,0.0,1.3,50,0.0
서울,2022-06-01 08:00,20.6,0.0,1.8,44,0.0
서울,2022-06-01 09:00,23.2,0.0,1.7,41,0.0
서울,2022-06-02 07:00,18.4,0.0,2.6,77,0.0
서울,2022-06-02 08:00,19.0,0.0,2.4,71,0.0
서울,2022-06-02 09:00,21.0,0.0,2.2,66,0.0
서울,2022-06-03 07:00,19.6,0.0,1.7,77,0.0
서울,2022-06-03 08:00,21.0,0.0,2.2,71,0.0
서울,2022-06-03 09:00,23.1,0.0,2.3,63,0.0
서울,2022-06-04 07:00,21.2,0.0,2.5,66,0.0
서울,2022-06-04 08:00,23.2,0.0,1.8,58,0.0
서울,2022-06-04 09:00,24.6,0.0,1.9,53,0.0
서울,2022-06-05 07:00,22.8,0.0,2.8,57,0.0
서울,2022-06-05 08:00,22.9,0.0,1.3,55,0.0
서울,2022-06-05 09:00,23.6,0.0,1.2,53,0.0
서울,2022-06-06 07:00,17.9,0.1,1.9,89,0.0
서울,2022-06-06 08:00,17.3,1.7,3.6,91,0.0
서울,2022-06-06 09:00,17.2,0.0,3.1,89,0.0
서울,2022-06-07 07:00,15.7,0.0,3.0,69,0.0
서울,2022-06-07 08:00,18.2,0.0,3.0,62,0.0
서울,2022-06-07 09:00,19.9,0.0,3.2,56,0.0
서울,2022-06-08 07:00,16.9,0.0,2.5,67,0.0
서울,2022-06-08 08:00,19.2,0.0,2.2,61,0.0
서울,2022-06-08 09:00,21.2,0.0,2.1,59,0.0
서울,2022-06-09 07:00,19.0,0.0,1.0,84,0.0
서울,2022-06-09 08:00,19.8,0.0,1.2,81,0.0
서울,2022-06-09 09:00,20.1,0.1,0.6,82,0.0
서울,2022-06-10 07:00,18.3,0.0,2.2,89,0.0
서울,2022-06-10 08:00,20.0,0.0,1.6,82,0.0
서울,2022-06-10 09:00,22.2,0.0,2.6,72,0.0
서울,2022-06-11 07:00,18.6,0.0,0.9,86,0.0
서울,2022-06-11 08:00,20.7,0.0,1.5,76,0.0
서울,2022-06-11 09:00,23.6,0.0,1.5,63,0.0
서울,2022-06-12 07:00,20.2,0.0,2.9,66,0.0
서울,2022-06-12 08:00,22.1,0.0,3.1,60,0.0
서울,2022-06-12 09:00,24.1,0.0,3.0,54,0.0
서울,2022-06-13 07:00,20.0,0.0,2.1,92,0.0
서울,2022-06-13 08:00,21.5,0.0,2.8,87,0.0
서울,2022-06-13 09:00,23.5,0.0,3.2,73,0.0
서울,2022-06-14 07:00,19.7,0.0,4.2,61,0.0
서울,2022-06-14 08:00,20.7,0.0,5.7,57,0.0
서울,2022-06-14 09:00,22.4,0.0,4.6,51,0.0
서울,2022-06-15 07:00,15.0,0.1,3.1,95,0.0
서울,2022-06-15 08:00,15.3,0.0,3.6,95,0.0
서울,2022-06-15 09:00,15.5,1.0,3.2,95,0.0
서울,2022-06-16 07:00,17.8,0.1,2.8,93,0.0
서울,2022-06-16 08:00,18.1,0.0,2.2,92,0.0
서울,2022-06-16 09:00,18.3,0.2,2.2,91,0.0
서울,2022-06-17 07:00,17.9,0.0,1.0,90,0.0
서울,2022-06-17 08:00,19.5,0.0,1.2,83,0.0
서울,2022-06-17 09:00,20.3,0.0,2.0,83,0.0
서울,2022-06-18 07:00,22.5,0.0,1.0,86,0.0
서울,2022-06-18 08:00,23.2,0.0,2.2,80,0.0
서울,2022-06-18 09:00,23.6,0.0,2.1,77,0.0
서울,2022-06-19 07:00,22.5,0.0,1.6,85,0.0
서울,2022-06-19 08:00,22.7,0.0,1.9,84,0.0
서울,2022-06-19 09:00,22.9,0.0,1.9,85,0.0
서울,2022-06-20 07:00,22.5,0.0,1.0,90,0.0
서울,2022-06-20 08:00,23.3,0.0,1.5,87,0.0
서울,2022-06-20 09:00,24.1,0.0,1.0,81,0.0
서울,2022-06-21 07:00,22.1,0.0,1.1,91,0.0
서울,2022-06-21 08:00,24.1,0.0,1.4,84,0.0
서울,2022-06-21 09:00,26.0,0.0,1.1,77,0.0
서울,2022-06-22 07:00,22.6,0.0,1.5,84,0.0
서울,2022-06-22 08:00,23.0,0.0,1.9,83,0.0
서울,2022-06-22 09:00,23.9,0.0,1.1,81,0.0
서울,2022-06-23 07:00,24.1,0.0,0.3,81,0.0
서울,2022-06-23 08:00,25.1,0.0,2.0,78,0.0
서울,2022-06-23 09:00,24.7,0.8,2.3,82,0.0
서울,2022-06-24 07:00,20.8,0.2,3.4,99,0.0
서울,2022-06-24 08:00,21.3,0.0,2.8,99,0.0
서울,2022-06-24 09:00,22.0,0.0,2.6,98,0.0
서울,2022-06-25 07:00,22.2,0.0,1.6,88,0.0
서울,2022-06-25 08:00,23.0,0.0,1.5,84,0.0
서울,2022-06-25 09:00,24.1,0.0,1.3,83,0.0
서울,2022-06-26 07:00,25.2,0.0,2.0,86,0.0
서울,2022-06-26 08:00,25.3,0.0,2.5,86,0.0
서울,2022-06-26 09:00,25.4,0.0,2.5,85,0.0
서울,2022-06-27 07:00,25.7,0.0,1.1,89,0.0
서울,2022-06-27 08:00,26.2,0.0,0.8,87,0.0
서울,2022-06-27 09:00,26.8,0.0,2.2,83,0.0
서울,2022-06-28 07:00,27.1,0.0,7.2,78,0.0
서울,2022-06-28 08:00,27.2,0.0,6.8,78,0.0
서울,2022-06-28 09:00,27.6,0.0,6.2,76,0.0
서울,2022-06-29 07:00,25.0,0.0,4.8,94,0.0
서울,2022-06-29 08:00,25.0,0.1,6.1,95,0.0
서울,2022-06-29 09:00,25.2,0.0,5.0,94,0.0
서울,2022-06-30 07:00,22.4,7.9,2.1,100,0.0
서울,2022-06-30 08:00,22.4,17.6,2.1,100,0.0
서울,2022-06-30 09:00,22.4,3.8,2.2,100,0.0
서울,2022-07-01 07:00,23.4,0.0,1.5,99,0.0
서울,2022-07-01 08:00,23.9,0.0,1.6,99,0.0
서울,2022-07-01 09:00,25.6,0.0,2.0,95,0.0
서울,2022-07-02 07:00,24.6,0.0,1.4,92,0.0
서울,2022-07-02 08:00,26.1,0.0,2.0,87,0.0
서울,2022-07-02 09:00,27.9,0.0,1.2,77,0.0
서울,2022-07-03 07:00,25.0,0.0,0.9,86,0.0
서울,2022-07-03 08:00,26.7,0.0,1.4,82,0.0
서울,2022-07-03 09:00,28.3,0.0,0.8,76,0.0
서울,2022-07-04 07:00,26.7,0.0,1.2,82,0.0
서울,2022-07-04 08:00,28.1,0.0,1.8,78,0.0
서울,2022-07-04 09:00,29.5,0.0,1.2,71,0.0
서울,2022-07-05 07:00,26.8,0.0,1.3,80,0.0
서울,2022-07-05 08:00,27.1,0.0,2.2,79,0.0
서울,2022-07-05 09:00,27.9,0.0,0.8,78,0.0
서울,2022-07-06 07:00,26.9,0.0,2.6,84,0.0
서울,2022-07-06 08:00,27.7,0.0,1.8,82,0.0
서울,2022-07-06 09:00,28.8,0.0,1.7,79,0.0
서울,2022-07-07 07:00,27.2,0.0,1.2,89,0.0
서울,2022-07-07 08:00,27.8,0.0,2.3,84,0.0
서울,2022-07-07 09:00,28.5,0.0,3.0,78,0.0
서울,2022-07-08 07:00,24.9,0.0,2.9,89,0.0
서울,2022-07-08 08:00,25.1,0.0,3.3,88,0.0
서울,2022-07-08 09:00,25.2,0.0,2.3,87,0.0
서울,2022-07-09 07:00,24.1,0.0,2.0,94,0.0
서울,2022-07-09 08:00,24.3,0.0,1.0,93,0.0
서울,2022-07-09 09:00,24.5,0.0,1.5,93,0.0
서울,2022-07-10 07:00,25.1,0.0,1.7,88,0.0
서울,2022-07-10 08:00,26.3,0.0,0.6,84,0.0
서울,2022-07-10 09:00,27.9,0.0,0.8,79,0.0
서울,2022-07-11 07:00,24.9,0.0,1.4,79,0.0
서울,2022-07-11 08:00,25.6,0.0,0.9,77,0.0
서울,2022-07-11 09:00,27.2,0.0,0.9,74,0.0
서울,2022-07-12 07:00,24.1,0.0,3.3,77,0.0
서울,2022-07-12 08:00,24.6,0.0,2.8,76,0.0
서울,2022-07-12 09:00,25.8,0.0,2.3,73,0.0
서울,2022-07-13 07:00,25.4,0.5,2.7,89,0.0
서울,2022-07-13 08:00,25.1,0.5,2.3,89,0.0
서울,2022-07-13 09:00,24.9,1.0,2.2,93,0.0
서울,2022-07-14 07:00,23.6,0.1,0.0,96,0.0
서울,2022-07-14 08:00,24.1,0.0,1.0,94,0.0
서울,2022-07-14 09:00,24.3,0.0,2.9,92,0.0
서울,2022-07-15 07:00,23.0,0.0,1.9,90,0.0
서울,2022-07-15 08:00,24.1,0.0,1.9,85,0.0
서울,2022-07-15 09:00,25.4,0.0,2.0,81,0.0
서울,2022-07-16 07:00,24.1,0.0,1.7,87,0.0
서울,2022-07-16 08:00,24.6,0.0,1.9,84,0.0
서울,2022-07-16 09:00,25.3,0.0,3.4,81,0.0
서울,2022-07-17 07:00,22.9,0.0,0.3,91,0.0
서울,2022-07-17 08:00,23.3,0.0,1.8,89,0.0
서울,2022-07-17 09:00,24.0,0.0,1.6,88,0.0
서울,2022-07-18 07:00,23.6,0.0,2.2,88,0.0
서울,2022-07-18 08:00,24.3,0.0,2.6,85,0.0
서울,2022-07-18 09:00,25.5,0.0,2.0,82,0.0
서울,2022-07-19 07:00,24.6,0.0,0.2,84,0.0
서울,2022-07-19 08:00,25.9,0.0,0.9,83,0.0
서울,2022-07-19 09:00,27.2,0.0,2.1,78,0.0
서울,2022-07-20 07:00,25.1,0.0,2.3,87,0.0
서울,2022-07-20 08:00,25.8,0.0,0.9,83,0.0
서울,2022-07-20 09:00,26.9,0.0,1.1,78,0.0
서울,2022-07-21 07:00,20.9,1.4,2.9,96,0.0
서울,2022-07-21 08:00,21.1,1.7,3.9,96,0.0
서울,2022-07-21 09:00,21.6,1.0,3.5,96,0.0
서울,2022-07-22 07:00,23.0,0.0,2.3,89,0.0
서울,2022-07-22 08:00,23.6,0.0,1.8,88,0.0
서울,2022-07-22 09:00,24.4,0.0,1.4,85,0.0
서울,2022-07-23 07:00,23.9,0.0,2.3,89,0.0
서울,2022-07-23 08:00,24.3,0.0,1.9,87,0.0
서울,2022-07-23 09:00,25.3,0.0,2.4,82,0.0
서울,2022-07-24 07:00,22.9,0.0,2.6,94,0.0
서울,2022-07-24 08:00,23.9,0.0,2.7,93,0.0
서울,2022-07-24 09:00,24.0,0.0,2.2,90,0.0
서울,2022-07-25 07:00,23.9,0.0,1.3,91,0.0
서울,2022-07-25 08:00,24.5,0.0,0.5,89,0.0
서울,2022-07-25 09:00,25.5,0.0,1.4,83,0.0
서울,2022-07-26 07:00,25.0,0.0,1.3,90,0.0
서울,2022-07-26 08:00,26.6,0.0,2.7,82,0.0
서울,2022-07-26 09:00,28.3,0.0,1.9,77,0.0
서울,2022-07-27 07:00,26.6,0.0,0.6,84,0.0
서울,2022-07-27 08:00,27.2,0.0,2.4,77,0.0
서울,2022-07-27 09:00,28.1,0.0,2.4,69,0.0
서울,2022-07-28 07:00,25.5,0.0,3.5,76,0.0
서울,2022-07-28 08:00,27.0,0.0,2.8,71,0.0
서울,2022-07-28 09:00,28.4,0.0,2.6,66,0.0
서울,2022-07-29 07:00,27.6,0.0,2.3,78,0.0
서울,2022-07-29 08:00,28.9,0.0,2.1,75,0.0
서울,2022-07-29 09:00,30.3,0.0,2.3,71,0.0
서울,2022-07-30 07:00,27.8,0.0,2.7,77,0.0
서울,2022-07-30 08:00,29.7,0.0,3.0,71,0.0
서울,2022-07-30 09:00,31.3,0.0,2.9,66,0.0
서울,2022-07-31 07:00,27.8,0.0,2.2,78,0.0
서울,2022-07-31 08:00,28.0,0.0,3.1,78,0.0
서울,2022-07-31 09:00,28.6,0.0,2.7,76,0.0
서울,2022-08-01 07:00,25.4,6.7,1.0,96,0.0
서울,2022-08-01 08:00,25.7,1.3,1.3,96,0.0
서울,2022-08-01 09:00,26.2,0.0,1.8,96,0.0
서울,2022-08-02 07:00,26.7,0.0,2.0,90,0.0
서울,2022-08-02 08:00,26.9,0.0,2.2,89,0.0
서울,2022-08-02 09:00,27.2,0.0,2.3,87,0.0
서울,2022-08-03 07:00,25.4,4.3,2.5,97,0.0
서울,2022-08-03 08:00,25.6,7.7,2.5,97,0.0
서울,2022-08-03 09:00,25.9,0.6,2.3,97,0.0
서울,2022-08-04 07:00,26.4,0.0,1.6,91,0.0
서울,2022-08-04 08:00,26.9,0.0,1.7,90,0.0
서울,2022-08-04 09:00,28.0,0.0,2.9,84,0.0
서울,2022-08-05 07:00,27.3,0.0,1.8,87,0.0
서울,2022-08-05 08:00,27.8,0.0,1.3,86,0.0
서울,2022-08-05 09:00,28.4,0.0,2.2,83,0.0
서울,2022-08-06 07:00,27.5,0.0,2.2,87,0.0
서울,2022-08-06 08:00,28.2,0.0,2.1,86,0.0
서울,2022-08-06 09:00,28.8,0.0,2.5,81,0.0
서울,2022-08-07 07:00,27.6,0.0,1.0,88,0.0
서울,2022-08-07 08:00,28.2,0.0,2.4,86,0.0
서울,2022-08-07 09:00,28.1,0.9,1.6,86,0.0
서울,2022-08-08 07:00,27.3,0.8,3.7,89,0.0
서울,2022-08-08 08:00,27.2,0.6,3.5,91,0.0
서울,2022-08-08 09:00,27.3,1.3,4.5,91,0.0
서울,2022-08-09 07:00,25.5,0.3,2.4,97,0.0
서울,2022-08-09 08:00,25.7,0.0,1.2,96,0.0
서울,2022-08-09 09:00,25.6,0.0,1.7,95,0.0
서울,2022-08-10 07:00,21.6,0.0,1.1,97,0.0
서울,2022-08-10 08:00,22.1,0.0,0.2,96,0.0
서울,2022-08-10 09:00,22.9,0.0,1.2,95,0.0
서울,2022-08-11 07:00,23.5,0.0,0.6,95,0.0
서울,2022-08-11 08:00,23.4,0.3,1.8,96,0.0
서울,2022-08-11 09:00,23.9,0.8,1.6,95,0.0
서울,2022-08-12 07:00,23.0,0.0,1.0,93,0.0
서울,2022-08-12 08:00,24.2,0.0,0.8,91,0.0
서울,2022-08-12 09:00,25.3,0.0,0.4,83,0.0
서울,2022-08-13 07:00,25.4,0.0,2.4,78,0.0
서울,2022-08-13 08:00,25.6,0.0,1.4,75,0.0
서울,2022-08-13 09:00,25.8,0.0,1.2,76,0.0
서울,2022-08-14 07:00,24.7,0.0,1.4,92,0.0
서울,2022-08-14 08:00,25.5,0.0,2.0,92,0.0
서울,2022-08-14 09:00,26.1,0.0,2.1,89,0.0
서울,2022-08-15 07:00,27.6,0.0,5.6,84,0.0
서울,2022-08-15 08:00,27.7,0.0,5.1,84,0.0
서울,2022-08-15 09:00,28.1,0.0,4.6,83,0.0
서울,2022-08-16 07:00,24.1,0.0,2.6,84,0.0
서울,2022-08-16 08:00,24.4,0.0,1.5,84,0.0
서울,2022-08-16 09:00,25.1,0.0,2.6,81,0.0
서울,2022-08-17 07:00,23.0,0.0,1.8,89,0.0
서울,2022-08-17 08:00,24.6,0.0,1.9,86,0.0
서울,2022-08-17 09:00,25.9,0.0,1.2,80,0.0
서울,2022-08-18 07:00,22.7,0.0,2.0,89,0.0
서울,2022-08-18 08:00,23.8,0.0,2.2,86,0.0
서울,2022-08-18 09:00,24.7,0.0,2.5,82,0.0
서울,2022-08-19 07:00,24.0,0.0,1.5,82,0.0
서울,2022-08-19 08:00,24.5,0.0,1.9,80,0.0
서울,2022-08-19 09:00,25.5,0.0,2.0,78,0.0
서울,2022-08-20 07:00,25.7,0.0,2.9,92,0.0
서울,2022-08-20 08:00,25.9,0.0,2.6,88,0.0
서울,2022-08-20 09:00,26.7,0.0,1.9,83,0.0
서울,2022-08-21 07:00,24.8,0.0,2.6,84,0.0
서울,2022-08-21 08:00,25.6,0.0,2.4,82,0.0
서울,2022-08-21 09:00,26.2,0.0,1.3,82,0.0
서울,2022-08-22 07:00,25.7,0.0,2.5,84,0.0
서울,2022-08-22 08:00,26.2,0.0,2.3,83,0.0
서울,2022-08-22 09:00,26.6,0.0,2.8,81,0.0
서울,2022-08-23 07:00,22.6,0.4,1.8,95,0.0
서울,2022-08-23 08:00,22.9,0.0,1.4,94,0.0
서울,2022-08-23 09:00,23.7,0.0,1.3,91,0.0
서울,2022-08-24 07:00,22.6,0.0,2.7,69,0.0
서울,2022-08-24 08:00,23.8,0.0,3.9,66,0.0
서울,2022-08-24 09:00,24.7,0.0,3.7,66,0.0
서울,2022-08-25 07:00,21.7,0.0,1.4,83,0.0
서울,2022-08-25 08:00,22.3,0.0,2.2,82,0.0
서울,2022-08-25 09:00,22.7,0.0,2.4,78,0.0
서울,2022-08-26 07:00,20.0,0.0,1.4,89,0.0
서울,2022-08-26 08:00,21.3,0.0,2.0,87,0.0
서울,2022-08-26 09:00,22.8,0.0,0.9,80,0.0
서울,2022-08-27 07:00,17.7,0.0,1.9,85,0.0
서울,2022-08-27 08:00,18.3,0.0,2.1,77,0.0
서울,2022-08-27 09:00,19.5,0.0,2.4,63,0.0
서울,2022-08-28 07:00,16.4,0.0,1.4,82,0.0
서울,2022-08-28 08:00,19.2,0.0,2.0,72,0.0
서울,2022-08-28 09:00,21.1,0.0,2.2,63,0.0
서울,2022-08-29 07:00,20.1,0.2,2.6,81,0.0
서울,2022-08-29 08:00,19.8,0.5,2.3,86,0.0
서울,2022-08-29 09:00,19.7,0.4,2.6,86,0.0
서울,2022-08-30 07:00,18.0,1.2,3.1,98,0.0
서울,2022-08-30 08:00,18.0,2.8,2.9,99,0.0
서울,2022-08-30 09:00,18.2,2.3,2.3,99,0.0
서울,2022-08-31 07:00,19.6,0.0,0.8,93,0.0
서울,2022-08-31 08:00,19.9,0.0,1.7,92,0.0
서울,2022-08-31 09:00,20.3,0.0,1.6,91,0.0
